RunTimestamp,TaskId,Title,PlanId,BucketId,BucketName,PercentComplete,Priority,PriorityLabel,AssignedToIds,CreatedDateTime,CreatedBy,StartDateTime,DueDateTime,CompletedDateTime,CompletedBy,Labels,HasDescription,Description,ChecklistItemCount,ChecklistSummary,ReferenceCount,ReferenceSummary,OrderHint,ConversationThreadId,AssignedToNames,PlanName,LabelNames,AssignmentDates,ChecklistDone,ChecklistOpen,IsOverdue,DaysOverdue,DaysToDue
2026-10-09T02:21:16.4792738Z,-c3HJoSuAkCRbyM7OJBEgGQAEXGe,DataforSEO,XrsNRcj-BUCai1Z8LF5rBWQAFG9L,FcWT8p45_0yAmU3I_Ewh9GQAGRCc,Doing Now,0,5,Medium,"{""129b8133-2f40-46f4-8391-49fec10f3174"":{""@odata.type"":""#microsoft.graph.plannerAssignment"",""assignedDateTime"":""2026-10-08T13:30:42.4441661Z"",""orderHint"":""\"""",""assignedBy"":{""user"":{""displayName"":null,""id"":""129b8133-2f40-46f4-8391-49fec10f3174""},""application"":{""displayName"":null,""id"":""75f31797-37c9-498e-8dc9-53c16a36afca""}}}}",2026-10-08T13:30:42.4442211Z,129b8133-2f40-46f4-8391-49fec10f3174,,,,,"{""category8"":true,""category23"":true}",False,,0,[],0,[],8584101407031126676PM,,Adam Lau,Brandcom Project Management,"SEO, * Project",2026-10-08 00:00:00,"=(LEN(PlannerTasks[[#This Row],[ChecklistSummary]])-LEN(SUBSTITUTE(PlannerTasks[[#This Row],[ChecklistSummary]],""""""isChecked"""":true"","""")))/LEN(""""""isChecked"""":true"")","=PlannerTasks[[#This Row],[ChecklistItemCount]]-PlannerTasks[[#This Row],[ChecklistDone]]","=IF(OR(PlannerTasks[[#This Row],[DueDateTime]]="""",PlannerTasks[[#This Row],[PercentComplete]]=100),""No"",IF(DATEVALUE(LEFT(PlannerTasks[[#This Row],[DueDateTime]],10))<TODAY(),""Yes"",""No""))","=IF(PlannerTasks[[#This Row],[IsOverdue]]=""Yes"",TODAY()-DATEVALUE(LEFT(PlannerTasks[[#This Row],[DueDateTime]],10)),0)","=IF(OR(PlannerTasks[[#This Row],[DueDateTime]]="""",PlannerTasks[[#This Row],[PercentComplete]]=100),"""",DATEVALUE(LEFT(PlannerTasks[[#This Row],[DueDateTime]],10))-TODAY())"
2026-10-09T02:21:18.6794638Z,n_Q762Pp0kqZTEEvn66eDWQACiVW,Migrate lead-maxxing to Azure,XrsNRcj-BUCai1Z8LF5rBWQAFG9L,VvFb0U6zYUiz9zKudbSK6WQAP0Yz,This Week,0,5,Medium,"{""129b8133-2f40-46f4-8391-49fec10f3174"":{""@odata.type"":""#microsoft.graph.plannerAssignment"",""assignedDateTime"":""2026-10-08T13:24:40.3139197Z"",""orderHint"":""\"""",""assignedBy"":{""user"":{""displayName"":null,""id"":""129b8133-2f40-46f4-8391-49fec10f3174""},""application"":{""displayName"":null,""id"":""75f31797-37c9-498e-8dc9-53c16a36afca""}}}}",2026-10-08T13:24:40.3139711Z,129b8133-2f40-46f4-8391-49fec10f3174,,2026-10-21T10:00:00Z,,,"{""category22"":true}",False,,0,[],0,[],8584101410652060818PK,,Adam Lau,Brandcom Project Management,Ai,2026-10-08 00:00:00,"=(LEN(PlannerTasks[[#This Row],[ChecklistSummary]])-LEN(SUBSTITUTE(PlannerTasks[[#This Row],[ChecklistSummary]],""""""isChecked"""":true"","""")))/LEN(""""""isChecked"""":true"")","=PlannerTasks[[#This Row],[ChecklistItemCount]]-PlannerTasks[[#This Row],[ChecklistDone]]","=IF(OR(PlannerTasks[[#This Row],[DueDateTime]]="""",PlannerTasks[[#This Row],[PercentComplete]]=100),""No"",IF(DATEVALUE(LEFT(PlannerTasks[[#This Row],[DueDateTime]],10))<TODAY(),""Yes"",""No""))","=IF(PlannerTasks[[#This Row],[IsOverdue]]=""Yes"",TODAY()-DATEVALUE(LEFT(PlannerTasks[[#This Row],[DueDateTime]],10)),0)","=IF(OR(PlannerTasks[[#This Row],[DueDateTime]]="""",PlannerTasks[[#This Row],[PercentComplete]]=100),"""",DATEVALUE(LEFT(PlannerTasks[[#This Row],[DueDateTime]],10))-TODAY())"
2026-10-09T02:21:21.6449624Z,5yfrD52cFku6PRIWcohRHGQAGN5D,Prepare a simple PPT for Digital ads,XrsNRcj-BUCai1Z8LF5rBWQAFG9L,6JvhtLPIeESNdpj7RA8Ir2QAIT3A,To Do ,0,5,Medium,"{""d8b70168-3e9f-451c-898e-9a1da643aafe"":{""@odata.type"":""#microsoft.graph.plannerAssignment"",""assignedDateTime"":""2026-10-08T06:21:58.5226771Z"",""orderHint"":""\"""",""assignedBy"":{""user"":{""displayName"":null,""id"":""d8b70168-3e9f-451c-898e-9a1da643aafe""},""application"":{""displayName"":null,""id"":""75f31797-37c9-498e-8dc9-53c16a36afca""}}}}",2026-10-08T06:21:58.522732Z,d8b70168-3e9f-451c-898e-9a1da643aafe,,,,,"{""category15"":true}",False,,0,[],0,[],8584101664271308679P4,,Rebecca Teo,Brandcom Project Management,Others,2026-10-08 00:00:00,"=(LEN(PlannerTasks[[#This Row],[ChecklistSummary]])-LEN(SUBSTITUTE(PlannerTasks[[#This Row],[ChecklistSummary]],""""""isChecked"""":true"","""")))/LEN(""""""isChecked"""":true"")","=PlannerTasks[[#This Row],[ChecklistItemCount]]-PlannerTasks[[#This Row],[ChecklistDone]]","=IF(OR(PlannerTasks[[#This Row],[DueDateTime]]="""",PlannerTasks[[#This Row],[PercentComplete]]=100),""No"",IF(DATEVALUE(LEFT(PlannerTasks[[#This Row],[DueDateTime]],10))<TODAY(),""Yes"",""No""))","=IF(PlannerTasks[[#This Row],[IsOverdue]]=""Yes"",TODAY()-DATEVALUE(LEFT(PlannerTasks[[#This Row],[DueDateTime]],10)),0)","=IF(OR(PlannerTasks[[#This Row],[DueDateTime]]="""",PlannerTasks[[#This Row],[PercentComplete]]=100),"""",DATEVALUE(LEFT(PlannerTasks[[#This Row],[DueDateTime]],10))-TODAY())"
2026-10-09T02:21:25.1324968Z,Bzl3nPAinEeLZJ2r_afpEmQACBVw,Schedule post for the week,XrsNRcj-BUCai1Z8LF5rBWQAFG9L,hXWXxcacR0e8OSPDfuHME2QAMCsP,Next Week,0,5,Medium,"{""d8b70168-3e9f-451c-898e-9a1da643aafe"":{""@odata.type"":""#microsoft.graph.plannerAssignment"",""assignedDateTime"":""2026-10-08T06:11:54.2539772Z"",""orderHint"":""\"""",""assignedBy"":{""user"":{""displayName"":null,""id"":""d8b70168-3e9f-451c-898e-9a1da643aafe""},""application"":{""displayName"":null,""id"":""75f31797-37c9-498e-8dc9-53c16a36afca""}}}}",2026-10-08T06:11:54.254029Z,d8b70168-3e9f-451c-898e-9a1da643aafe,,,,,"{""category4"":true}",False,,0,[],0,[],"8584101670312816063P,",,Rebecca Teo,Brandcom Project Management,SM-Post,2026-10-08 00:00:00,"=(LEN(PlannerTasks[[#This Row],[ChecklistSummary]])-LEN(SUBSTITUTE(PlannerTasks[[#This Row],[ChecklistSummary]],""""""isChecked"""":true"","""")))/LEN(""""""isChecked"""":true"")","=PlannerTasks[[#This Row],[ChecklistItemCount]]-PlannerTasks[[#This Row],[ChecklistDone]]","=IF(OR(PlannerTasks[[#This Row],[DueDateTime]]="""",PlannerTasks[[#This Row],[PercentComplete]]=100),""No"",IF(DATEVALUE(LEFT(PlannerTasks[[#This Row],[DueDateTime]],10))<TODAY(),""Yes"",""No""))","=IF(PlannerTasks[[#This Row],[IsOverdue]]=""Yes"",TODAY()-DATEVALUE(LEFT(PlannerTasks[[#This Row],[DueDateTime]],10)),0)","=IF(OR(PlannerTasks[[#This Row],[DueDateTime]]="""",PlannerTasks[[#This Row],[PercentComplete]]=100),"""",DATEVALUE(LEFT(PlannerTasks[[#This Row],[DueDateTime]],10))-TODAY())"
2026-10-09T02:21:27.5914393Z,HIchy-JP_EWjwiZYNoxudGQACq63,To include the monthly announcements in Lead Time Village,XrsNRcj-BUCai1Z8LF5rBWQAFG9L,6JvhtLPIeESNdpj7RA8Ir2QAIT3A,To Do ,0,3,Important,"{""b0dde2c9-92a4-4d86-a4fd-2a130944956f"":{""@odata.type"":""#microsoft.graph.plannerAssignment"",""assignedDateTime"":""2026-10-08T03:16:48.1711665Z"",""orderHint"":""\"""",""assignedBy"":{""user"":{""displayName"":null,""id"":""83062e42-5f7d-4048-a2ed-52eb6f39463f""},""application"":{""displayName"":null,""id"":""75f31797-37c9-498e-8dc9-53c16a36afca""}}}}",2026-10-08T03:16:48.1712369Z,83062e42-5f7d-4048-a2ed-52eb6f39463f,,2026-10-08T10:00:00Z,,,"{""category1"":true}",True,"Hi Aisah,_x000D_
_x000D_
We would like to include the monthly announcements in the Lead Time Village to improve visibility for all related stakeholders. https://www.steelcase.com/asia-en/village/pages/lead-times/_x000D_
You may refer to the attached PNG file as a reference for the proposed layout._x000D_
_x000D_
Please let us know if you have any suggestions for a more suitable design or if you have any questions before proceeding._x000D_
_x000D_
Thank you for your support.",0,[],4,"[{""resourceLink"":""https://steelcase.sharepoint.com/sites/BrandcomDigitalTeamTaskRequest/_layouts/15/Doc.aspx?sourcedoc=%7B80C0E3DC-644E-406A-AD86-689D787094FA%7D&file=Plant%20ShutDown%20%20Holiday%20Annoucement-%20M10-October%202026%20R1.docx&action=default&mobileredirect=true"",""value"":{""@odata.type"":""#microsoft.graph.plannerExternalReference"",""alias"":""Plant ShutDown  Holiday Annoucement- M10-October 2026 R1.docx"",""type"":""Word"",""previewPriority"":""[%"",""lastModifiedDateTime"":""2026-10-08T03:19:23.8400636Z"",""lastModifiedBy"":{""user"":{""displayName"":null,""id"":""83062e42-5f7d-4048-a2ed-52eb6f39463f""}}}},{""resourceLink"":""https://steelcase.sharepoint.com/sites/BrandcomDigitalTeamTaskRequest/_layouts/15/Doc.aspx?sourcedoc=%7BE3B1D306-C541-450B-A48D-2E32AC85309D%7D&file=Update%20on%20Transpacific%20Shipping%20Market%20Conditions-%20M10-October%202026.docx&action=default&mobileredirect=true"",""value"":{""@odata.type"":""#microsoft.graph.plannerExternalReference"",""alias"":""Update on Transpacific Shipping Market Conditions- M10-October 2026.docx"",""type"":""Word"",""previewPriority"":""l1"",""lastModifiedDateTime"":""2026-10-08T03:19:38.3434874Z"",""lastModifiedBy"":{""user"":{""displayName"":null,""id"":""83062e42-5f7d-4048-a2ed-52eb6f39463f""}}}},{""resourceLink"":""https://steelcase.sharepoint.com/sites/BrandcomDigitalTeamTaskRequest/_layouts/15/Doc.aspx?sourcedoc=%7BDDD0CA08-C647-4D46-ABC0-DF13CD16E721%7D&file=Monthly%20update%20on%20Production%20%20Leadtimes-%20M10-October%202026.docx&action=default&mobileredirect=true"",""value"":{""@odata.type"":""#microsoft.graph.plannerExternalReference"",""alias"":""Monthly update on Production  Leadtimes- M10-October 2026.docx"",""type"":""Word"",""previewPriority"":""uL"",""lastModifiedDateTime"":""2026-10-08T03:20:07.1525116Z"",""lastModifiedBy"":{""user"":{""displayName"":null,""id"":""83062e42-5f7d-4048-a2ed-52eb6f39463f""}}}},{""resourceLink"":""https://steelcase.sharepoint.com/sites/BrandcomDigitalTeamTaskRequest/Shared%20Documents/Modify%20the%20LT%20Village%20layouts.png"",""value"":{""@odata.type"":""#microsoft.graph.plannerExternalReference"",""alias"":""Modify the LT Village layouts.png"",""type"":""Other"",""previewPriority"":""8584101774708486236P%"",""lastModifiedDateTime"":""2026-10-08T03:17:54.6485553Z"",""lastModifiedBy"":{""user"":{""displayName"":null,""id"":""83062e42-5f7d-4048-a2ed-52eb6f39463f""}}}}]",8584101775375270877P9,,Aisah Abdul Talib,Brandcom Project Management,Web-dotcom,2026-10-08 00:00:00,"=(LEN(PlannerTasks[[#This Row],[ChecklistSummary]])-LEN(SUBSTITUTE(PlannerTasks[[#This Row],[ChecklistSummary]],""""""isChecked"""":true"","""")))/LEN(""""""isChecked"""":true"")","=PlannerTasks[[#This Row],[ChecklistItemCount]]-PlannerTasks[[#This Row],[ChecklistDone]]","=IF(OR(PlannerTasks[[#This Row],[DueDateTime]]="""",PlannerTasks[[#This Row],[PercentComplete]]=100),""No"",IF(DATEVALUE(LEFT(PlannerTasks[[#This Row],[DueDateTime]],10))<TODAY(),""Yes"",""No""))","=IF(PlannerTasks[[#This Row],[IsOverdue]]=""Yes"",TODAY()-DATEVALUE(LEFT(PlannerTasks[[#This Row],[DueDateTime]],10)),0)","=IF(OR(PlannerTasks[[#This Row],[DueDateTime]]="""",PlannerTasks[[#This Row],[PercentComplete]]=100),"""",DATEVALUE(LEFT(PlannerTasks[[#This Row],[DueDateTime]],10))-TODAY())"
2026-10-09T02:21:30.7967239Z,ncyb0qG09kaMtGqO6eX3TWQAMc3i,Brand Assets on Village,XrsNRcj-BUCai1Z8LF5rBWQAFG9L,6JvhtLPIeESNdpj7RA8Ir2QAIT3A,To Do ,0,5,Medium,"{""b0dde2c9-92a4-4d86-a4fd-2a130944956f"":{""@odata.type"":""#microsoft.graph.plannerAssignment"",""assignedDateTime"":""2026-10-08T03:15:28.4474452Z"",""orderHint"":""\"""",""assignedBy"":{""user"":{""displayName"":null,""id"":""9395807e-67f2-4b2f-870f-75bbbd3c6bf2""},""application"":{""displayName"":null,""id"":""75f31797-37c9-498e-8dc9-53c16a36afca""}}}}",2026-10-08T03:15:28.4474982Z,9395807e-67f2-4b2f-870f-75bbbd3c6bf2,,2026-10-13T10:00:00Z,,,{},False,,0,[],0,[],8584101776170751046P',,Aisah Abdul Talib,Brandcom Project Management,,2026-10-08 00:00:00,"=(LEN(PlannerTasks[[#This Row],[ChecklistSummary]])-LEN(SUBSTITUTE(PlannerTasks[[#This Row],[ChecklistSummary]],""""""isChecked"""":true"","""")))/LEN(""""""isChecked"""":true"")","=PlannerTasks[[#This Row],[ChecklistItemCount]]-PlannerTasks[[#This Row],[ChecklistDone]]","=IF(OR(PlannerTasks[[#This Row],[DueDateTime]]="""",PlannerTasks[[#This Row],[PercentComplete]]=100),""No"",IF(DATEVALUE(LEFT(PlannerTasks[[#This Row],[DueDateTime]],10))<TODAY(),""Yes"",""No""))","=IF(PlannerTasks[[#This Row],[IsOverdue]]=""Yes"",TODAY()-DATEVALUE(LEFT(PlannerTasks[[#This Row],[DueDateTime]],10)),0)","=IF(OR(PlannerTasks[[#This Row],[DueDateTime]]="""",PlannerTasks[[#This Row],[PercentComplete]]=100),"""",DATEVALUE(LEFT(PlannerTasks[[#This Row],[DueDateTime]],10))-TODAY())"
2026-10-09T02:21:33.3897942Z,mSaj-JmQMkGP77Y5UWUN4WQAFG4a,LinkedIn PO creation after invoice is in,XrsNRcj-BUCai1Z8LF5rBWQAFG9L,hXWXxcacR0e8OSPDfuHME2QAMCsP,Next Week,0,5,Medium,"{""d8b70168-3e9f-451c-898e-9a1da643aafe"":{""@odata.type"":""#microsoft.graph.plannerAssignment"",""assignedDateTime"":""2026-10-08T02:27:30.9123356Z"",""orderHint"":""\"""",""assignedBy"":{""user"":{""displayName"":null,""id"":""d8b70168-3e9f-451c-898e-9a1da643aafe""},""application"":{""displayName"":null,""id"":""75f31797-37c9-498e-8dc9-53c16a36afca""}}}}",2026-10-08T02:27:30.9123954Z,d8b70168-3e9f-451c-898e-9a1da643aafe,,,,,"{""category19"":true}",False,,0,[],0,[],8584101804946102014P<,,Rebecca Teo,Brandcom Project Management,LinkedIn,2026-10-08 00:00:00,"=(LEN(PlannerTasks[[#This Row],[ChecklistSummary]])-LEN(SUBSTITUTE(PlannerTasks[[#This Row],[ChecklistSummary]],""""""isChecked"""":true"","""")))/LEN(""""""isChecked"""":true"")","=PlannerTasks[[#This Row],[ChecklistItemCount]]-PlannerTasks[[#This Row],[ChecklistDone]]","=IF(OR(PlannerTasks[[#This Row],[DueDateTime]]="""",PlannerTasks[[#This Row],[PercentComplete]]=100),""No"",IF(DATEVALUE(LEFT(PlannerTasks[[#This Row],[DueDateTime]],10))<TODAY(),""Yes"",""No""))","=IF(PlannerTasks[[#This Row],[IsOverdue]]=""Yes"",TODAY()-DATEVALUE(LEFT(PlannerTasks[[#This Row],[DueDateTime]],10)),0)","=IF(OR(PlannerTasks[[#This Row],[DueDateTime]]="""",PlannerTasks[[#This Row],[PercentComplete]]=100),"""",DATEVALUE(LEFT(PlannerTasks[[#This Row],[DueDateTime]],10))-TODAY())"
2026-10-09T02:21:35.6090315Z,avgDEXA0rU2sGjeUyHFtMWQACUld,Creating quick draft for media plan before call,XrsNRcj-BUCai1Z8LF5rBWQAFG9L,FcWT8p45_0yAmU3I_Ewh9GQAGRCc,Doing Now,0,5,Medium,"{""d8b70168-3e9f-451c-898e-9a1da643aafe"":{""@odata.type"":""#microsoft.graph.plannerAssignment"",""assignedDateTime"":""2026-10-08T02:22:14.3276523Z"",""orderHint"":""\"""",""assignedBy"":{""user"":{""displayName"":null,""id"":""d8b70168-3e9f-451c-898e-9a1da643aafe""},""application"":{""displayName"":null,""id"":""75f31797-37c9-498e-8dc9-53c16a36afca""}}}}",2026-10-08T02:22:14.3277113Z,d8b70168-3e9f-451c-898e-9a1da643aafe,,,,,"{""category11"":true}",False,,0,[],0,[],8584101808112006160PG,,Rebecca Teo,Brandcom Project Management,ADS- Planning,2026-10-08 00:00:00,"=(LEN(PlannerTasks[[#This Row],[ChecklistSummary]])-LEN(SUBSTITUTE(PlannerTasks[[#This Row],[ChecklistSummary]],""""""isChecked"""":true"","""")))/LEN(""""""isChecked"""":true"")","=PlannerTasks[[#This Row],[ChecklistItemCount]]-PlannerTasks[[#This Row],[ChecklistDone]]","=IF(OR(PlannerTasks[[#This Row],[DueDateTime]]="""",PlannerTasks[[#This Row],[PercentComplete]]=100),""No"",IF(DATEVALUE(LEFT(PlannerTasks[[#This Row],[DueDateTime]],10))<TODAY(),""Yes"",""No""))","=IF(PlannerTasks[[#This Row],[IsOverdue]]=""Yes"",TODAY()-DATEVALUE(LEFT(PlannerTasks[[#This Row],[DueDateTime]],10)),0)","=IF(OR(PlannerTasks[[#This Row],[DueDateTime]]="""",PlannerTasks[[#This Row],[PercentComplete]]=100),"""",DATEVALUE(LEFT(PlannerTasks[[#This Row],[DueDateTime]],10))-TODAY())"
2026-10-09T02:21:38.1110466Z,qhPT9Xxq-0mecuLvgcP80GQAFPOa,Open AI events creation on more detailed tracking,XrsNRcj-BUCai1Z8LF5rBWQAFG9L,6JvhtLPIeESNdpj7RA8Ir2QAIT3A,To Do ,0,5,Medium,"{""d8b70168-3e9f-451c-898e-9a1da643aafe"":{""@odata.type"":""#microsoft.graph.plannerAssignment"",""assignedDateTime"":""2026-10-08T02:17:10.4504396Z"",""orderHint"":""\"""",""assignedBy"":{""user"":{""displayName"":null,""id"":""d8b70168-3e9f-451c-898e-9a1da643aafe""},""application"":{""displayName"":null,""id"":""75f31797-37c9-498e-8dc9-53c16a36afca""}}}}",2026-10-08T02:17:10.4505239Z,d8b70168-3e9f-451c-898e-9a1da643aafe,,,,,"{""category11"":true,""category25"":true}",False,,0,[],0,[],8584101811150927712PJ,,Rebecca Teo,Brandcom Project Management,"ADS- Planning, Open AI",2026-10-08 00:00:00,"=(LEN(PlannerTasks[[#This Row],[ChecklistSummary]])-LEN(SUBSTITUTE(PlannerTasks[[#This Row],[ChecklistSummary]],""""""isChecked"""":true"","""")))/LEN(""""""isChecked"""":true"")","=PlannerTasks[[#This Row],[ChecklistItemCount]]-PlannerTasks[[#This Row],[ChecklistDone]]","=IF(OR(PlannerTasks[[#This Row],[DueDateTime]]="""",PlannerTasks[[#This Row],[PercentComplete]]=100),""No"",IF(DATEVALUE(LEFT(PlannerTasks[[#This Row],[DueDateTime]],10))<TODAY(),""Yes"",""No""))","=IF(PlannerTasks[[#This Row],[IsOverdue]]=""Yes"",TODAY()-DATEVALUE(LEFT(PlannerTasks[[#This Row],[DueDateTime]],10)),0)","=IF(OR(PlannerTasks[[#This Row],[DueDateTime]]="""",PlannerTasks[[#This Row],[PercentComplete]]=100),"""",DATEVALUE(LEFT(PlannerTasks[[#This Row],[DueDateTime]],10))-TODAY())"
2026-10-09T02:21:40.5597979Z,b4aSSkfslUWIXEmfIwKaJGQADExe,Creating a thank you page for all lead forms for tracking purpose on each platform,XrsNRcj-BUCai1Z8LF5rBWQAFG9L,6JvhtLPIeESNdpj7RA8Ir2QAIT3A,To Do ,0,5,Medium,"{""d8b70168-3e9f-451c-898e-9a1da643aafe"":{""@odata.type"":""#microsoft.graph.plannerAssignment"",""assignedDateTime"":""2026-10-08T02:16:54.475172Z"",""orderHint"":""\"""",""assignedBy"":{""user"":{""displayName"":null,""id"":""d8b70168-3e9f-451c-898e-9a1da643aafe""},""application"":{""displayName"":null,""id"":""75f31797-37c9-498e-8dc9-53c16a36afca""}}}}",2026-10-08T02:16:54.4752265Z,d8b70168-3e9f-451c-898e-9a1da643aafe,,,,,"{""category1"":true,""category11"":true}",False,,0,[],0,[],8584101811310432979PL,,Rebecca Teo,Brandcom Project Management,"Web-dotcom, ADS- Planning",2026-10-08 00:00:00,"=(LEN(PlannerTasks[[#This Row],[ChecklistSummary]])-LEN(SUBSTITUTE(PlannerTasks[[#This Row],[ChecklistSummary]],""""""isChecked"""":true"","""")))/LEN(""""""isChecked"""":true"")","=PlannerTasks[[#This Row],[ChecklistItemCount]]-PlannerTasks[[#This Row],[ChecklistDone]]","=IF(OR(PlannerTasks[[#This Row],[DueDateTime]]="""",PlannerTasks[[#This Row],[PercentComplete]]=100),""No"",IF(DATEVALUE(LEFT(PlannerTasks[[#This Row],[DueDateTime]],10))<TODAY(),""Yes"",""No""))","=IF(PlannerTasks[[#This Row],[IsOverdue]]=""Yes"",TODAY()-DATEVALUE(LEFT(PlannerTasks[[#This Row],[DueDateTime]],10)),0)","=IF(OR(PlannerTasks[[#This Row],[DueDateTime]]="""",PlannerTasks[[#This Row],[PercentComplete]]=100),"""",DATEVALUE(LEFT(PlannerTasks[[#This Row],[DueDateTime]],10))-TODAY())"
2026-10-09T02:21:42.6189545Z,vrDE2BWIMUSU_s6QsxQKrGQAHPPp,Open Ai Pixel tracking for forms,XrsNRcj-BUCai1Z8LF5rBWQAFG9L,6JvhtLPIeESNdpj7RA8Ir2QAIT3A,To Do ,0,5,Medium,"{""d8b70168-3e9f-451c-898e-9a1da643aafe"":{""@odata.type"":""#microsoft.graph.plannerAssignment"",""assignedDateTime"":""2026-10-08T02:16:33.7545314Z"",""orderHint"":""\"""",""assignedBy"":{""user"":{""displayName"":null,""id"":""d8b70168-3e9f-451c-898e-9a1da643aafe""},""application"":{""displayName"":null,""id"":""75f31797-37c9-498e-8dc9-53c16a36afca""}}}}",2026-10-08T02:16:33.7546001Z,d8b70168-3e9f-451c-898e-9a1da643aafe,,,,,"{""category25"":true}",False,,0,[],0,[],8584101811517615722PL,,Rebecca Teo,Brandcom Project Management,Open AI,2026-10-08 00:00:00,"=(LEN(PlannerTasks[[#This Row],[ChecklistSummary]])-LEN(SUBSTITUTE(PlannerTasks[[#This Row],[ChecklistSummary]],""""""isChecked"""":true"","""")))/LEN(""""""isChecked"""":true"")","=PlannerTasks[[#This Row],[ChecklistItemCount]]-PlannerTasks[[#This Row],[ChecklistDone]]","=IF(OR(PlannerTasks[[#This Row],[DueDateTime]]="""",PlannerTasks[[#This Row],[PercentComplete]]=100),""No"",IF(DATEVALUE(LEFT(PlannerTasks[[#This Row],[DueDateTime]],10))<TODAY(),""Yes"",""No""))","=IF(PlannerTasks[[#This Row],[IsOverdue]]=""Yes"",TODAY()-DATEVALUE(LEFT(PlannerTasks[[#This Row],[DueDateTime]],10)),0)","=IF(OR(PlannerTasks[[#This Row],[DueDateTime]]="""",PlannerTasks[[#This Row],[PercentComplete]]=100),"""",DATEVALUE(LEFT(PlannerTasks[[#This Row],[DueDateTime]],10))-TODAY())"
2026-10-09T02:21:44.9280532Z,sRwBGXos00e2k4zBigGIAWQAPUmg,AP Newsletter - Impact Report,XrsNRcj-BUCai1Z8LF5rBWQAFG9L,hXWXxcacR0e8OSPDfuHME2QAMCsP,Next Week,0,5,Medium,"{""b0dde2c9-92a4-4d86-a4fd-2a130944956f"":{""@odata.type"":""#microsoft.graph.plannerAssignment"",""assignedDateTime"":""2026-10-08T01:46:21.9412239Z"",""orderHint"":""\"""",""assignedBy"":{""user"":{""displayName"":null,""id"":""b0dde2c9-92a4-4d86-a4fd-2a130944956f""},""application"":{""displayName"":null,""id"":""75f31797-37c9-498e-8dc9-53c16a36afca""}}}}",2026-10-08T01:45:36.4446608Z,b0dde2c9-92a4-4d86-a4fd-2a130944956f,,,,,"{""category7"":true}",True,[https://steelcase-my.sharepoint.com/:w:/p/joey_lee/IQA663GO5M2bQIlMyAu6uNYWAeq4wtYKNKQDfsjtgeqhJr8?email=AABDULTA%40steelcase.com&wdExp=TEAMS-TREATMENT&web=1&isSPOFile=1&ovuser=b9970fd2-103f-4833-8789-6880e475809d%2Caabdulta%40steelcase.com&clickparams=eyJBcHBOYW1lIjoiVGVhbXMtRGVza3RvcCIsIkFwcFZlcnNpb24iOiI1MC8yNjA5MDMxNTgyMCIsIkhhc0ZlZGVyYXRlZFVzZXIiOmZhbHNlfQ%3D%3D](https://steelcase-my.sharepoint.com/:w:/p/joey_lee/IQA663GO5M2bQIlMyAu6uNYWAeq4wtYKNKQDfsjtgeqhJr8?email=AABDULTA%40steelcase.com&amp;wdExp=TEAMS-TREATMENT&amp;web=1&amp;isSPOFile=1&amp;ovuser=b9970fd2-103f-4833-8789-6880e475809d%2Caabdulta%40steelcase.com&amp;clickparams=eyJBcHBOYW1lIjoiVGVhbXMtRGVza3RvcCIsIkFwcFZlcnNpb24iOiI1MC8yNjA5MDMxNTgyMCIsIkhhc0ZlZGVyYXRlZFVzZXIiOmZhbHNlfQ%3D%3D),0,[],0,[],8584101830090767455P(,,Aisah Abdul Talib,Brandcom Project Management,Email-APAC News,2026-10-08 00:00:00,"=(LEN(PlannerTasks[[#This Row],[ChecklistSummary]])-LEN(SUBSTITUTE(PlannerTasks[[#This Row],[ChecklistSummary]],""""""isChecked"""":true"","""")))/LEN(""""""isChecked"""":true"")","=PlannerTasks[[#This Row],[ChecklistItemCount]]-PlannerTasks[[#This Row],[ChecklistDone]]","=IF(OR(PlannerTasks[[#This Row],[DueDateTime]]="""",PlannerTasks[[#This Row],[PercentComplete]]=100),""No"",IF(DATEVALUE(LEFT(PlannerTasks[[#This Row],[DueDateTime]],10))<TODAY(),""Yes"",""No""))","=IF(PlannerTasks[[#This Row],[IsOverdue]]=""Yes"",TODAY()-DATEVALUE(LEFT(PlannerTasks[[#This Row],[DueDateTime]],10)),0)","=IF(OR(PlannerTasks[[#This Row],[DueDateTime]]="""",PlannerTasks[[#This Row],[PercentComplete]]=100),"""",DATEVALUE(LEFT(PlannerTasks[[#This Row],[DueDateTime]],10))-TODAY())"
2026-10-09T02:21:48.4274627Z,W2PVHGlZvEaIMecOH-Jg7GQAIWKQ,Karman Campaign Kit- Replace Carousel Assets in CN,XrsNRcj-BUCai1Z8LF5rBWQAFG9L,VvFb0U6zYUiz9zKudbSK6WQAP0Yz,This Week,0,5,Medium,"{""b0dde2c9-92a4-4d86-a4fd-2a130944956f"":{""@odata.type"":""#microsoft.graph.plannerAssignment"",""assignedDateTime"":""2026-10-08T01:47:00.7134058Z"",""orderHint"":""\"""",""assignedBy"":{""user"":{""displayName"":null,""id"":""b0dde2c9-92a4-4d86-a4fd-2a130944956f""},""application"":{""displayName"":null,""id"":""75f31797-37c9-498e-8dc9-53c16a36afca""}}}}",2026-10-08T01:41:15.7360731Z,2de20267-3e34-4f36-80b7-993fc93717da,,2026-10-15T10:00:00Z,,,{},True,"Hi Aisah,_x000D_
_x000D_
Please replace the carousel assets in the Karman Campaign Kit (CN version) with the revised assets._x000D_
_x000D_
Revised assets: [Carousel](https://steelcase.sharepoint.com/:f:/r/sites/ONEMARKETINGAPAC/Shared%20Documents/OneMarketing%20Folder/Brand%20Comms/B.%20Projects/Translations/Vendors%20translation/Karman%20Assets%202026/Cn%20Final/Carousel?d=wf7d2fa02c4284e7ba044ad99d1e3bfae&amp;csf=1&amp;web=1&amp;e=zDaNFu)_x000D_
Revised Deck- [SC_26_Karman Social Marketing Kit (Chinese 2.9.26).pptx](https://steelcase.sharepoint.com/:p:/r/sites/ONEMARKETINGAPAC/Shared%20Documents/OneMarketing%20Folder/Brand%20Comms/B.%20Projects/Translations/Vendors%20translation/Karman%20Assets%202026/Cn%20Final/SC_26_Karman%20Social%20Marketing%20Kit%20%28Chinese%202.9.26%29.pptx?d=w42e0dd7b5058461d9cf6ba6aa969a691&amp;csf=1&amp;web=1&amp;e=wakPvw)_x000D_
_x000D_
Please:_x000D_
1. Remove the current CN carousel assets & deck on the page- https://da.steelcase.com/portals/joklujek/SteelcaseKarmanCampaignKit#b2a509b9-7567-45b6-9f64-28937d8cd036_x000D_
2. Upload the revised assets in the same order and slots._x000D_
3. Keep all file names and other kit content the same.",0,[],0,[],8584101832698446128P/,,Aisah Abdul Talib,Brandcom Project Management,,2026-10-08 00:00:00,"=(LEN(PlannerTasks[[#This Row],[ChecklistSummary]])-LEN(SUBSTITUTE(PlannerTasks[[#This Row],[ChecklistSummary]],""""""isChecked"""":true"","""")))/LEN(""""""isChecked"""":true"")","=PlannerTasks[[#This Row],[ChecklistItemCount]]-PlannerTasks[[#This Row],[ChecklistDone]]","=IF(OR(PlannerTasks[[#This Row],[DueDateTime]]="""",PlannerTasks[[#This Row],[PercentComplete]]=100),""No"",IF(DATEVALUE(LEFT(PlannerTasks[[#This Row],[DueDateTime]],10))<TODAY(),""Yes"",""No""))","=IF(PlannerTasks[[#This Row],[IsOverdue]]=""Yes"",TODAY()-DATEVALUE(LEFT(PlannerTasks[[#This Row],[DueDateTime]],10)),0)","=IF(OR(PlannerTasks[[#This Row],[DueDateTime]]="""",PlannerTasks[[#This Row],[PercentComplete]]=100),"""",DATEVALUE(LEFT(PlannerTasks[[#This Row],[DueDateTime]],10))-TODAY())"
2026-10-09T02:21:50.7823660Z,NTWZp_rCf0SmTzpTfcXw2mQAMgvf,Check LinkedIn minimum spend for media plan,XrsNRcj-BUCai1Z8LF5rBWQAFG9L,FcWT8p45_0yAmU3I_Ewh9GQAGRCc,Doing Now,0,5,Medium,"{""d8b70168-3e9f-451c-898e-9a1da643aafe"":{""@odata.type"":""#microsoft.graph.plannerAssignment"",""assignedDateTime"":""2026-10-08T01:22:23.7730837Z"",""orderHint"":""\"""",""assignedBy"":{""user"":{""displayName"":null,""id"":""d8b70168-3e9f-451c-898e-9a1da643aafe""},""application"":{""displayName"":null,""id"":""75f31797-37c9-498e-8dc9-53c16a36afca""}}}}",2026-10-08T01:22:23.7731389Z,d8b70168-3e9f-451c-898e-9a1da643aafe,,,,,"{""category19"":true}",False,,0,[],0,[],8584101844022191776PH,,Rebecca Teo,Brandcom Project Management,LinkedIn,2026-10-08 00:00:00,"=(LEN(PlannerTasks[[#This Row],[ChecklistSummary]])-LEN(SUBSTITUTE(PlannerTasks[[#This Row],[ChecklistSummary]],""""""isChecked"""":true"","""")))/LEN(""""""isChecked"""":true"")","=PlannerTasks[[#This Row],[ChecklistItemCount]]-PlannerTasks[[#This Row],[ChecklistDone]]","=IF(OR(PlannerTasks[[#This Row],[DueDateTime]]="""",PlannerTasks[[#This Row],[PercentComplete]]=100),""No"",IF(DATEVALUE(LEFT(PlannerTasks[[#This Row],[DueDateTime]],10))<TODAY(),""Yes"",""No""))","=IF(PlannerTasks[[#This Row],[IsOverdue]]=""Yes"",TODAY()-DATEVALUE(LEFT(PlannerTasks[[#This Row],[DueDateTime]],10)),0)","=IF(OR(PlannerTasks[[#This Row],[DueDateTime]]="""",PlannerTasks[[#This Row],[PercentComplete]]=100),"""",DATEVALUE(LEFT(PlannerTasks[[#This Row],[DueDateTime]],10))-TODAY())"
2026-10-09T02:21:53.7309662Z,NfvvcewVtUqpSF6JsAoibWQAMAxg,Create gated LP for Science of Seating (SG Sales booth),XrsNRcj-BUCai1Z8LF5rBWQAFG9L,VvFb0U6zYUiz9zKudbSK6WQAP0Yz,This Week,0,1,Urgent,"{""b0dde2c9-92a4-4d86-a4fd-2a130944956f"":{""@odata.type"":""#microsoft.graph.plannerAssignment"",""assignedDateTime"":""2026-10-07T08:23:41.2081293Z"",""orderHint"":""\"""",""assignedBy"":{""user"":{""displayName"":null,""id"":""9395807e-67f2-4b2f-870f-75bbbd3c6bf2""},""application"":{""displayName"":null,""id"":""75f31797-37c9-498e-8dc9-53c16a36afca""}}},""8275aaa4-2f87-4474-8d57-d6e65233cfe8"":{""@odata.type"":""#microsoft.graph.plannerAssignment"",""assignedDateTime"":""2026-10-07T08:23:47.7073105Z"",""orderHint"":""\"""",""assignedBy"":{""user"":{""displayName"":null,""id"":""9395807e-67f2-4b2f-870f-75bbbd3c6bf2""},""application"":{""displayName"":null,""id"":""75f31797-37c9-498e-8dc9-53c16a36afca""}}}}",2026-10-07T08:23:41.2081923Z,9395807e-67f2-4b2f-870f-75bbbd3c6bf2,,2026-10-12T10:00:00Z,,,{},False,,0,[],0,[],8584102455243216854P>,,Aisah Abdul Talib; Jacky Low,Brandcom Project Management,,2026-10-07; 2026-10-07,"=(LEN(PlannerTasks[[#This Row],[ChecklistSummary]])-LEN(SUBSTITUTE(PlannerTasks[[#This Row],[ChecklistSummary]],""""""isChecked"""":true"","""")))/LEN(""""""isChecked"""":true"")","=PlannerTasks[[#This Row],[ChecklistItemCount]]-PlannerTasks[[#This Row],[ChecklistDone]]","=IF(OR(PlannerTasks[[#This Row],[DueDateTime]]="""",PlannerTasks[[#This Row],[PercentComplete]]=100),""No"",IF(DATEVALUE(LEFT(PlannerTasks[[#This Row],[DueDateTime]],10))<TODAY(),""Yes"",""No""))","=IF(PlannerTasks[[#This Row],[IsOverdue]]=""Yes"",TODAY()-DATEVALUE(LEFT(PlannerTasks[[#This Row],[DueDateTime]],10)),0)","=IF(OR(PlannerTasks[[#This Row],[DueDateTime]]="""",PlannerTasks[[#This Row],[PercentComplete]]=100),"""",DATEVALUE(LEFT(PlannerTasks[[#This Row],[DueDateTime]],10))-TODAY())"
2026-10-09T02:21:56.2915061Z,panY5gjBbEm7WcJFrDSTuWQAIjze,Look into audience for LinkedIn based on the GCC file shared,XrsNRcj-BUCai1Z8LF5rBWQAFG9L,6JvhtLPIeESNdpj7RA8Ir2QAIT3A,To Do ,0,5,Medium,"{""d8b70168-3e9f-451c-898e-9a1da643aafe"":{""@odata.type"":""#microsoft.graph.plannerAssignment"",""assignedDateTime"":""2026-10-07T02:54:01.5391153Z"",""orderHint"":""\"""",""assignedBy"":{""user"":{""displayName"":null,""id"":""d8b70168-3e9f-451c-898e-9a1da643aafe""},""application"":{""displayName"":null,""id"":""75f31797-37c9-498e-8dc9-53c16a36afca""}}}}",2026-10-07T02:54:01.5391739Z,d8b70168-3e9f-451c-898e-9a1da643aafe,,,,,"{""category19"":true}",False,,0,[],0,[],8584102653039805165PN,,Rebecca Teo,Brandcom Project Management,LinkedIn,2026-10-07 00:00:00,"=(LEN(PlannerTasks[[#This Row],[ChecklistSummary]])-LEN(SUBSTITUTE(PlannerTasks[[#This Row],[ChecklistSummary]],""""""isChecked"""":true"","""")))/LEN(""""""isChecked"""":true"")","=PlannerTasks[[#This Row],[ChecklistItemCount]]-PlannerTasks[[#This Row],[ChecklistDone]]","=IF(OR(PlannerTasks[[#This Row],[DueDateTime]]="""",PlannerTasks[[#This Row],[PercentComplete]]=100),""No"",IF(DATEVALUE(LEFT(PlannerTasks[[#This Row],[DueDateTime]],10))<TODAY(),""Yes"",""No""))","=IF(PlannerTasks[[#This Row],[IsOverdue]]=""Yes"",TODAY()-DATEVALUE(LEFT(PlannerTasks[[#This Row],[DueDateTime]],10)),0)","=IF(OR(PlannerTasks[[#This Row],[DueDateTime]]="""",PlannerTasks[[#This Row],[PercentComplete]]=100),"""",DATEVALUE(LEFT(PlannerTasks[[#This Row],[DueDateTime]],10))-TODAY())"
2026-10-09T02:21:58.3612080Z,lwfxeYVKRkyr1PoDBym412QAKf8F,Women of Steel Playlist - Unlisted,XrsNRcj-BUCai1Z8LF5rBWQAFG9L,Q-B-9LalqE6gH1IrVdcQdmQAI0FV,Waiting ,0,5,Medium,"{""d8b70168-3e9f-451c-898e-9a1da643aafe"":{""@odata.type"":""#microsoft.graph.plannerAssignment"",""assignedDateTime"":""2026-10-07T02:13:44.7391879Z"",""orderHint"":""\"""",""assignedBy"":{""user"":{""displayName"":null,""id"":""d8b70168-3e9f-451c-898e-9a1da643aafe""},""application"":{""displayName"":null,""id"":""75f31797-37c9-498e-8dc9-53c16a36afca""}}}}",2026-10-07T02:13:44.7392456Z,d8b70168-3e9f-451c-898e-9a1da643aafe,,,,,{},False,,0,[],0,[],8584102677207842506P:,,Rebecca Teo,Brandcom Project Management,,2026-10-07 00:00:00,"=(LEN(PlannerTasks[[#This Row],[ChecklistSummary]])-LEN(SUBSTITUTE(PlannerTasks[[#This Row],[ChecklistSummary]],""""""isChecked"""":true"","""")))/LEN(""""""isChecked"""":true"")","=PlannerTasks[[#This Row],[ChecklistItemCount]]-PlannerTasks[[#This Row],[ChecklistDone]]","=IF(OR(PlannerTasks[[#This Row],[DueDateTime]]="""",PlannerTasks[[#This Row],[PercentComplete]]=100),""No"",IF(DATEVALUE(LEFT(PlannerTasks[[#This Row],[DueDateTime]],10))<TODAY(),""Yes"",""No""))","=IF(PlannerTasks[[#This Row],[IsOverdue]]=""Yes"",TODAY()-DATEVALUE(LEFT(PlannerTasks[[#This Row],[DueDateTime]],10)),0)","=IF(OR(PlannerTasks[[#This Row],[DueDateTime]]="""",PlannerTasks[[#This Row],[PercentComplete]]=100),"""",DATEVALUE(LEFT(PlannerTasks[[#This Row],[DueDateTime]],10))-TODAY())"
2026-10-09T02:22:00.4581595Z,ZboAyoQAMU2jV6BcqPG12WQAMr-U,WorkTech Singapore Social post,XrsNRcj-BUCai1Z8LF5rBWQAFG9L,Q-B-9LalqE6gH1IrVdcQdmQAI0FV,Waiting ,0,5,Medium,"{""d8b70168-3e9f-451c-898e-9a1da643aafe"":{""@odata.type"":""#microsoft.graph.plannerAssignment"",""assignedDateTime"":""2026-10-06T03:11:43.9499892Z"",""orderHint"":""\"""",""assignedBy"":{""user"":{""displayName"":null,""id"":""d8b70168-3e9f-451c-898e-9a1da643aafe""},""application"":{""displayName"":null,""id"":""75f31797-37c9-498e-8dc9-53c16a36afca""}}}}",2026-10-06T03:11:43.950044Z,d8b70168-3e9f-451c-898e-9a1da643aafe,,,,,"{""category4"":true}",False,,0,[],1,"[{""resourceLink"":""https://steelcase.sharepoint.com/sites/BrandcomDigitalTeamTaskRequest/Shared%20Documents/ss.jpg"",""value"":{""@odata.type"":""#microsoft.graph.plannerExternalReference"",""alias"":""ss.jpg"",""type"":""Other"",""previewPriority"":""8584103504ZJ"",""lastModifiedDateTime"":""2026-10-06T03:13:45.786095Z"",""lastModifiedBy"":{""user"":{""displayName"":null,""id"":""d8b70168-3e9f-451c-898e-9a1da643aafe""}}}}]",8584103506416161534PI,,Rebecca Teo,Brandcom Project Management,SM-Post,2026-10-06 00:00:00,"=(LEN(PlannerTasks[[#This Row],[ChecklistSummary]])-LEN(SUBSTITUTE(PlannerTasks[[#This Row],[ChecklistSummary]],""""""isChecked"""":true"","""")))/LEN(""""""isChecked"""":true"")","=PlannerTasks[[#This Row],[ChecklistItemCount]]-PlannerTasks[[#This Row],[ChecklistDone]]","=IF(OR(PlannerTasks[[#This Row],[DueDateTime]]="""",PlannerTasks[[#This Row],[PercentComplete]]=100),""No"",IF(DATEVALUE(LEFT(PlannerTasks[[#This Row],[DueDateTime]],10))<TODAY(),""Yes"",""No""))","=IF(PlannerTasks[[#This Row],[IsOverdue]]=""Yes"",TODAY()-DATEVALUE(LEFT(PlannerTasks[[#This Row],[DueDateTime]],10)),0)","=IF(OR(PlannerTasks[[#This Row],[DueDateTime]]="""",PlannerTasks[[#This Row],[PercentComplete]]=100),"""",DATEVALUE(LEFT(PlannerTasks[[#This Row],[DueDateTime]],10))-TODAY())"
2026-10-09T02:22:02.6391377Z,eidBTD4wx0ef5Ew2aIMe1WQAITot,Add a banner - all WL pages,XrsNRcj-BUCai1Z8LF5rBWQAFG9L,FcWT8p45_0yAmU3I_Ewh9GQAGRCc,Doing Now,0,5,Medium,"{""b0dde2c9-92a4-4d86-a4fd-2a130944956f"":{""@odata.type"":""#microsoft.graph.plannerAssignment"",""assignedDateTime"":""2026-10-05T07:18:00.7791066Z"",""orderHint"":""\"""",""assignedBy"":{""user"":{""displayName"":null,""id"":""b0dde2c9-92a4-4d86-a4fd-2a130944956f""},""application"":{""displayName"":null,""id"":""75f31797-37c9-498e-8dc9-53c16a36afca""}}}}",2026-10-05T07:18:00.7791739Z,b0dde2c9-92a4-4d86-a4fd-2a130944956f,,2026-10-09T10:00:00Z,,,"{""category1"":true}",False,,0,[],1,"[{""resourceLink"":""https://steelcase.sharepoint.com/sites/BrandcomDigitalTeamTaskRequest/Shared%20Documents/1.png"",""value"":{""@odata.type"":""#microsoft.graph.plannerExternalReference"",""alias"":""1.png"",""type"":""Other"",""previewPriority"":""8584104221576503676P@"",""lastModifiedDateTime"":""2026-10-05T07:19:47.8621433Z"",""lastModifiedBy"":{""user"":{""displayName"":null,""id"":""b0dde2c9-92a4-4d86-a4fd-2a130944956f""}}}}]",8584104222649895193P.,,Aisah Abdul Talib,Brandcom Project Management,Web-dotcom,2026-10-05 00:00:00,"=(LEN(PlannerTasks[[#This Row],[ChecklistSummary]])-LEN(SUBSTITUTE(PlannerTasks[[#This Row],[ChecklistSummary]],""""""isChecked"""":true"","""")))/LEN(""""""isChecked"""":true"")","=PlannerTasks[[#This Row],[ChecklistItemCount]]-PlannerTasks[[#This Row],[ChecklistDone]]","=IF(OR(PlannerTasks[[#This Row],[DueDateTime]]="""",PlannerTasks[[#This Row],[PercentComplete]]=100),""No"",IF(DATEVALUE(LEFT(PlannerTasks[[#This Row],[DueDateTime]],10))<TODAY(),""Yes"",""No""))","=IF(PlannerTasks[[#This Row],[IsOverdue]]=""Yes"",TODAY()-DATEVALUE(LEFT(PlannerTasks[[#This Row],[DueDateTime]],10)),0)","=IF(OR(PlannerTasks[[#This Row],[DueDateTime]]="""",PlannerTasks[[#This Row],[PercentComplete]]=100),"""",DATEVALUE(LEFT(PlannerTasks[[#This Row],[DueDateTime]],10))-TODAY())"
2026-10-09T02:22:05.2171828Z,hlp_qY7gCkiM0frt-hDWj2QAOmhE,Impact report 2026,XrsNRcj-BUCai1Z8LF5rBWQAFG9L,VvFb0U6zYUiz9zKudbSK6WQAP0Yz,This Week,0,5,Medium,"{""b0dde2c9-92a4-4d86-a4fd-2a130944956f"":{""@odata.type"":""#microsoft.graph.plannerAssignment"",""assignedDateTime"":""2026-10-01T14:24:21.7415054Z"",""orderHint"":""\"""",""assignedBy"":{""user"":{""displayName"":null,""id"":""b0dde2c9-92a4-4d86-a4fd-2a130944956f""},""application"":{""displayName"":null,""id"":""75f31797-37c9-498e-8dc9-53c16a36afca""}}}}",2026-10-01T14:24:21.741561Z,b0dde2c9-92a4-4d86-a4fd-2a130944956f,2026-10-05T10:00:00Z,2026-10-08T10:00:00Z,,,"{""category1"":true}",True,https://steelcase.sharepoint.com/:w:/s/PeoplePlanetComms/IQBN1yVofBE2RLmPJWZI9LYEAbIl-3mqxuI-fghldpCxteY?e=6RiXel,2,"[{""id"":""f473ef07f5a340f5b5cbb31cbcb1aa18"",""value"":{""@odata.type"":""#microsoft.graph.plannerChecklistItem"",""isChecked"":false,""title"":""Impact Report article"",""orderHint"":""8584107421[:"",""lastModifiedDateTime"":""2026-10-01T14:25:02.300092Z"",""lastModifiedBy"":{""user"":{""displayName"":null,""id"":""b0dde2c9-92a4-4d86-a4fd-2a130944956f""}}}},{""id"":""95fe2a57986643448ae9de37cd2d3ef9"",""value"":{""@odata.type"":""#microsoft.graph.plannerChecklistItem"",""isChecked"":true,""title"":""Impact report PDFs"",""orderHint"":""8584107422566009830P?"",""lastModifiedDateTime"":""2026-10-08T00:31:50.2019272Z"",""lastModifiedBy"":{""user"":{""displayName"":null,""id"":""b0dde2c9-92a4-4d86-a4fd-2a130944956f""}}}}]",3,"[{""resourceLink"":""https://steelcase.sharepoint.com/sites/BrandcomDigitalTeamTaskRequest/Shared%20Documents/CY%202025%20GRI%20Index.pdf"",""value"":{""@odata.type"":""#microsoft.graph.plannerExternalReference"",""alias"":""CY 2025 GRI Index.pdf"",""type"":""Pdf"",""previewPriority"":""8584107420J("",""lastModifiedDateTime"":""2026-10-01T14:26:29.2750291Z"",""lastModifiedBy"":{""user"":{""displayName"":null,""id"":""b0dde2c9-92a4-4d86-a4fd-2a130944956f""}}}},{""resourceLink"":""https://steelcase.sharepoint.com/sites/BrandcomDigitalTeamTaskRequest/Shared%20Documents/CY%202025%20TCFD%20Index.pdf"",""value"":{""@odata.type"":""#microsoft.graph.plannerExternalReference"",""alias"":""CY 2025 TCFD Index.pdf"",""type"":""Pdf"",""previewPriority"":""8584107420\\9"",""lastModifiedDateTime"":""2026-10-01T14:26:26.9237941Z"",""lastModifiedBy"":{""user"":{""displayName"":null,""id"":""b0dde2c9-92a4-4d86-a4fd-2a130944956f""}}}},{""resourceLink"":""https://steelcase.sharepoint.com/sites/BrandcomDigitalTeamTaskRequest/Shared%20Documents/CY%202025%20SASB%20Index.pdf"",""value"":{""@odata.type"":""#microsoft.graph.plannerExternalReference"",""alias"":""CY 2025 SASB Index.pdf"",""type"":""Pdf"",""previewPriority"":""[>"",""lastModifiedDateTime"":""2026-10-01T14:26:38.4474851Z"",""lastModifiedBy"":{""user"":{""displayName"":null,""id"":""b0dde2c9-92a4-4d86-a4fd-2a130944956f""}}}}]",8584107422838280886P9,,Aisah Abdul Talib,Brandcom Project Management,Web-dotcom,2026-10-01 00:00:00,"=(LEN(PlannerTasks[[#This Row],[ChecklistSummary]])-LEN(SUBSTITUTE(PlannerTasks[[#This Row],[ChecklistSummary]],""""""isChecked"""":true"","""")))/LEN(""""""isChecked"""":true"")","=PlannerTasks[[#This Row],[ChecklistItemCount]]-PlannerTasks[[#This Row],[ChecklistDone]]","=IF(OR(PlannerTasks[[#This Row],[DueDateTime]]="""",PlannerTasks[[#This Row],[PercentComplete]]=100),""No"",IF(DATEVALUE(LEFT(PlannerTasks[[#This Row],[DueDateTime]],10))<TODAY(),""Yes"",""No""))","=IF(PlannerTasks[[#This Row],[IsOverdue]]=""Yes"",TODAY()-DATEVALUE(LEFT(PlannerTasks[[#This Row],[DueDateTime]],10)),0)","=IF(OR(PlannerTasks[[#This Row],[DueDateTime]]="""",PlannerTasks[[#This Row],[PercentComplete]]=100),"""",DATEVALUE(LEFT(PlannerTasks[[#This Row],[DueDateTime]],10))-TODAY())"
2026-10-09T02:22:07.4458712Z,ta48yj6nekClG4KtBy5UUWQAIwoT,Planning Ideas - Widen,XrsNRcj-BUCai1Z8LF5rBWQAFG9L,VvFb0U6zYUiz9zKudbSK6WQAP0Yz,This Week,0,5,Medium,"{""b0dde2c9-92a4-4d86-a4fd-2a130944956f"":{""@odata.type"":""#microsoft.graph.plannerAssignment"",""assignedDateTime"":""2026-10-01T12:00:39.8045085Z"",""orderHint"":""\"""",""assignedBy"":{""user"":{""displayName"":null,""id"":""b0dde2c9-92a4-4d86-a4fd-2a130944956f""},""application"":{""displayName"":null,""id"":""75f31797-37c9-498e-8dc9-53c16a36afca""}}}}",2026-10-01T12:00:39.8045617Z,b0dde2c9-92a4-4d86-a4fd-2a130944956f,,2026-10-09T10:00:00Z,,,"{""category3"":true}",False,,0,[],0,[],8584107509057119924PK,,Aisah Abdul Talib,Brandcom Project Management,Web-Widen,2026-10-01 00:00:00,"=(LEN(PlannerTasks[[#This Row],[ChecklistSummary]])-LEN(SUBSTITUTE(PlannerTasks[[#This Row],[ChecklistSummary]],""""""isChecked"""":true"","""")))/LEN(""""""isChecked"""":true"")","=PlannerTasks[[#This Row],[ChecklistItemCount]]-PlannerTasks[[#This Row],[ChecklistDone]]","=IF(OR(PlannerTasks[[#This Row],[DueDateTime]]="""",PlannerTasks[[#This Row],[PercentComplete]]=100),""No"",IF(DATEVALUE(LEFT(PlannerTasks[[#This Row],[DueDateTime]],10))<TODAY(),""Yes"",""No""))","=IF(PlannerTasks[[#This Row],[IsOverdue]]=""Yes"",TODAY()-DATEVALUE(LEFT(PlannerTasks[[#This Row],[DueDateTime]],10)),0)","=IF(OR(PlannerTasks[[#This Row],[DueDateTime]]="""",PlannerTasks[[#This Row],[PercentComplete]]=100),"""",DATEVALUE(LEFT(PlannerTasks[[#This Row],[DueDateTime]],10))-TODAY())"
2026-10-09T02:22:10.1570408Z,0zCmt3_wEUeajg_HWjEu9mQAFNZP,To check Hubspot segmentation on users - Digital call,XrsNRcj-BUCai1Z8LF5rBWQAFG9L,VvFb0U6zYUiz9zKudbSK6WQAP0Yz,This Week,0,5,Medium,"{""d8b70168-3e9f-451c-898e-9a1da643aafe"":{""@odata.type"":""#microsoft.graph.plannerAssignment"",""assignedDateTime"":""2026-09-30T07:22:47.3278722Z"",""orderHint"":""\"""",""assignedBy"":{""user"":{""displayName"":null,""id"":""d8b70168-3e9f-451c-898e-9a1da643aafe""},""application"":{""displayName"":null,""id"":""75f31797-37c9-498e-8dc9-53c16a36afca""}}}}",2026-09-30T07:22:47.3279201Z,d8b70168-3e9f-451c-898e-9a1da643aafe,,,,,"{""category10"":true}",False,,0,[],0,[],8584108539781878050P<,,Rebecca Teo,Brandcom Project Management,Hubspot,2026-09-30 00:00:00,"=(LEN(PlannerTasks[[#This Row],[ChecklistSummary]])-LEN(SUBSTITUTE(PlannerTasks[[#This Row],[ChecklistSummary]],""""""isChecked"""":true"","""")))/LEN(""""""isChecked"""":true"")","=PlannerTasks[[#This Row],[ChecklistItemCount]]-PlannerTasks[[#This Row],[ChecklistDone]]","=IF(OR(PlannerTasks[[#This Row],[DueDateTime]]="""",PlannerTasks[[#This Row],[PercentComplete]]=100),""No"",IF(DATEVALUE(LEFT(PlannerTasks[[#This Row],[DueDateTime]],10))<TODAY(),""Yes"",""No""))","=IF(PlannerTasks[[#This Row],[IsOverdue]]=""Yes"",TODAY()-DATEVALUE(LEFT(PlannerTasks[[#This Row],[DueDateTime]],10)),0)","=IF(OR(PlannerTasks[[#This Row],[DueDateTime]]="""",PlannerTasks[[#This Row],[PercentComplete]]=100),"""",DATEVALUE(LEFT(PlannerTasks[[#This Row],[DueDateTime]],10))-TODAY())"
2026-10-09T02:22:12.2611922Z,pp2z6VEuQUmPMUDrwMCRfGQAI_76,"Upload translated social assets (CN, JP, KR) to HPS Campaign Kit page",XrsNRcj-BUCai1Z8LF5rBWQAFG9L,FcWT8p45_0yAmU3I_Ewh9GQAGRCc,Doing Now,50,5,Medium,"{""b0dde2c9-92a4-4d86-a4fd-2a130944956f"":{""@odata.type"":""#microsoft.graph.plannerAssignment"",""assignedDateTime"":""2026-10-01T02:25:26.8271686Z"",""orderHint"":""\"""",""assignedBy"":{""user"":{""displayName"":null,""id"":""b0dde2c9-92a4-4d86-a4fd-2a130944956f""},""application"":{""displayName"":null,""id"":""75f31797-37c9-498e-8dc9-53c16a36afca""}}}}",2026-09-30T05:46:54.8244174Z,2de20267-3e34-4f36-80b7-993fc93717da,2026-09-30T10:00:00Z,2026-10-09T10:00:00Z,,,"{""category1"":true}",True,"Please upload the translated social assets to the High Performance Seating Campaign Kit page._x000D_
_x000D_
Assets (one set each for Chinese, Japanese and Korean):_x000D_
_x000D_
- Social Post 1: 2 translated videos (9:16 and 16:9) and translated captions_x000D_
- Social Posts 2-9: translated captions only. Use the same videos as the English posts._x000D_
- Cn & Jp copy translations (HPS tab): [Master file_Translation_Request.xlsx](https://steelcase.sharepoint.com/:x:/r/sites/ONEMARKETINGAPAC/Shared%20Documents/OneMarketing%20Folder/Brand%20Comms/B.%20Projects/Translations/Master%20file_Translation_Request.xlsx?d=w2ef78ba3b2524401a380f694283b2be1&amp;csf=1&amp;web=1&amp;e=QpvCPJ)_x000D_
- Cn videos: [Cn](https://steelcase.sharepoint.com/:f:/r/sites/ONEMARKETINGAPAC/Shared%20Documents/OneMarketing%20Folder/Brand%20Comms/B.%20Projects/High%20Performance%20Seating%20Campaign%202026/Translation/Cn?d=wf8d82640693841c38a9eee5aeb00604c&amp;csf=1&amp;web=1&amp;e=jc4sah)_x000D_
- Jp videos: [Jp](https://steelcase.sharepoint.com/:f:/r/sites/ONEMARKETINGAPAC/Shared%20Documents/OneMarketing%20Folder/Brand%20Comms/B.%20Projects/High%20Performance%20Seating%20Campaign%202026/Translation/Jp?d=we748970f7c834e6b97cec350a423553e&amp;csf=1&amp;web=1&amp;e=9acUeY)_x000D_
- Kr copy & videos: [Kr](https://steelcase.sharepoint.com/:f:/r/sites/ONEMARKETINGAPAC/Shared%20Documents/OneMarketing%20Folder/Brand%20Comms/B.%20Projects/High%20Performance%20Seating%20Campaign%202026/Translation/Kr?d=wcf6363612e174460a88e01b0624dab8e&amp;csf=1&amp;web=1&amp;e=MQYEiX)_x000D_
_x000D_
As we discussed yesterday:_x000D_
_x000D_
- To help recommend the best format for this section by this week, so that our visitor can easily find this_x000D_
- To help build it and make it live next week._x000D_
_x000D_
Also, please add the 16:9 English video for Social Post 1. File link: https://steelcase.widen.net/s/7pmhzjrfdl/26-0275419",0,[],0,[],8584108597307199579P*,,Aisah Abdul Talib,Brandcom Project Management,Web-dotcom,2026-10-01 00:00:00,"=(LEN(PlannerTasks[[#This Row],[ChecklistSummary]])-LEN(SUBSTITUTE(PlannerTasks[[#This Row],[ChecklistSummary]],""""""isChecked"""":true"","""")))/LEN(""""""isChecked"""":true"")","=PlannerTasks[[#This Row],[ChecklistItemCount]]-PlannerTasks[[#This Row],[ChecklistDone]]","=IF(OR(PlannerTasks[[#This Row],[DueDateTime]]="""",PlannerTasks[[#This Row],[PercentComplete]]=100),""No"",IF(DATEVALUE(LEFT(PlannerTasks[[#This Row],[DueDateTime]],10))<TODAY(),""Yes"",""No""))","=IF(PlannerTasks[[#This Row],[IsOverdue]]=""Yes"",TODAY()-DATEVALUE(LEFT(PlannerTasks[[#This Row],[DueDateTime]],10)),0)","=IF(OR(PlannerTasks[[#This Row],[DueDateTime]]="""",PlannerTasks[[#This Row],[PercentComplete]]=100),"""",DATEVALUE(LEFT(PlannerTasks[[#This Row],[DueDateTime]],10))-TODAY())"
2026-10-09T02:22:14.3300245Z,0Di9eFqpfkG1GDPeIxzdl2QABbGp,Creating webpages for Work Better 7 articles,XrsNRcj-BUCai1Z8LF5rBWQAFG9L,FcWT8p45_0yAmU3I_Ewh9GQAGRCc,Doing Now,50,5,Medium,"{""b0dde2c9-92a4-4d86-a4fd-2a130944956f"":{""@odata.type"":""#microsoft.graph.plannerAssignment"",""assignedDateTime"":""2026-09-30T03:30:44.9858742Z"",""orderHint"":""\"""",""assignedBy"":{""user"":{""displayName"":null,""id"":""b0dde2c9-92a4-4d86-a4fd-2a130944956f""},""application"":{""displayName"":null,""id"":""75f31797-37c9-498e-8dc9-53c16a36afca""}}}}",2026-09-30T03:30:44.9859208Z,b0dde2c9-92a4-4d86-a4fd-2a130944956f,,2026-10-09T10:00:00Z,,,"{""category1"":true}",True,[https://steelcase.sharepoint.com/:f:/r/sites/ONEMARKETINGAPAC/Shared%20Documents/OneMarketing%20Folder/Brand%20Comms/B.%20Projects/Work%20Better/WB%20Spring%202026%20(WB7%20A%20New%20Mindset)/Translation?csf=1&web=1&e=668MHy](https://steelcase.sharepoint.com/:f:/r/sites/ONEMARKETINGAPAC/Shared%20Documents/OneMarketing%20Folder/Brand%20Comms/B.%20Projects/Work%20Better/WB%20Spring%202026%20%28WB7%20A%20New%20Mindset%29/Translation?csf=1&amp;web=1&amp;e=668MHy),0,[],1,"[{""resourceLink"":""https://steelcase.sharepoint.com/sites/BrandcomDigitalTeamTaskRequest/_layouts/15/Doc.aspx?sourcedoc=%7B8E757982-BEA4-4F7C-9545-E4C67FDB4FE5%7D&file=Work%20Better%207%20-%20Articles%20Extraction.xlsx&action=default&mobileredirect=true"",""value"":{""@odata.type"":""#microsoft.graph.plannerExternalReference"",""alias"":""Work Better 7 - Articles Extraction.xlsx"",""type"":""Excel"",""previewPriority"":""8584108678569325348P+"",""lastModifiedDateTime"":""2026-09-30T03:31:28.5715201Z"",""lastModifiedBy"":{""user"":{""displayName"":null,""id"":""b0dde2c9-92a4-4d86-a4fd-2a130944956f""}}}}]",8584108679005296951P9,,Aisah Abdul Talib,Brandcom Project Management,Web-dotcom,2026-09-30 00:00:00,"=(LEN(PlannerTasks[[#This Row],[ChecklistSummary]])-LEN(SUBSTITUTE(PlannerTasks[[#This Row],[ChecklistSummary]],""""""isChecked"""":true"","""")))/LEN(""""""isChecked"""":true"")","=PlannerTasks[[#This Row],[ChecklistItemCount]]-PlannerTasks[[#This Row],[ChecklistDone]]","=IF(OR(PlannerTasks[[#This Row],[DueDateTime]]="""",PlannerTasks[[#This Row],[PercentComplete]]=100),""No"",IF(DATEVALUE(LEFT(PlannerTasks[[#This Row],[DueDateTime]],10))<TODAY(),""Yes"",""No""))","=IF(PlannerTasks[[#This Row],[IsOverdue]]=""Yes"",TODAY()-DATEVALUE(LEFT(PlannerTasks[[#This Row],[DueDateTime]],10)),0)","=IF(OR(PlannerTasks[[#This Row],[DueDateTime]]="""",PlannerTasks[[#This Row],[PercentComplete]]=100),"""",DATEVALUE(LEFT(PlannerTasks[[#This Row],[DueDateTime]],10))-TODAY())"
2026-10-09T02:22:16.8258423Z,Af4lfuRuSkqJ9O-gfRgBHWQAPEPT,Migration SE Collection webpage in Japanese,XrsNRcj-BUCai1Z8LF5rBWQAFG9L,Q-B-9LalqE6gH1IrVdcQdmQAI0FV,Waiting ,50,5,Medium,"{""b0dde2c9-92a4-4d86-a4fd-2a130944956f"":{""@odata.type"":""#microsoft.graph.plannerAssignment"",""assignedDateTime"":""2026-09-30T03:28:55.2129923Z"",""orderHint"":""\"""",""assignedBy"":{""user"":{""displayName"":null,""id"":""b0dde2c9-92a4-4d86-a4fd-2a130944956f""},""application"":{""displayName"":null,""id"":""75f31797-37c9-498e-8dc9-53c16a36afca""}}}}",2026-09-30T03:28:45.9902867Z,b0dde2c9-92a4-4d86-a4fd-2a130944956f,,2026-10-09T10:00:00Z,,,"{""category1"":true}",True,[https://steelcase.sharepoint.com/:f:/r/sites/ONEMARKETINGAPAC/Shared%20Documents/OneMarketing%20Folder/Brand%20Comms/B.%20Projects/Migration%20SE%20Collection/Translations/JP?d=wc1b139dccfe744978f7591ea11a8b649&csf=1&web=1&e=S9A9B7](https://steelcase.sharepoint.com/:f:/r/sites/ONEMARKETINGAPAC/Shared%20Documents/OneMarketing%20Folder/Brand%20Comms/B.%20Projects/Migration%20SE%20Collection/Translations/JP?d=wc1b139dccfe744978f7591ea11a8b649&amp;csf=1&amp;web=1&amp;e=S9A9B7),0,[],0,[],8584108680195387782PH,,Aisah Abdul Talib,Brandcom Project Management,Web-dotcom,2026-09-30 00:00:00,"=(LEN(PlannerTasks[[#This Row],[ChecklistSummary]])-LEN(SUBSTITUTE(PlannerTasks[[#This Row],[ChecklistSummary]],""""""isChecked"""":true"","""")))/LEN(""""""isChecked"""":true"")","=PlannerTasks[[#This Row],[ChecklistItemCount]]-PlannerTasks[[#This Row],[ChecklistDone]]","=IF(OR(PlannerTasks[[#This Row],[DueDateTime]]="""",PlannerTasks[[#This Row],[PercentComplete]]=100),""No"",IF(DATEVALUE(LEFT(PlannerTasks[[#This Row],[DueDateTime]],10))<TODAY(),""Yes"",""No""))","=IF(PlannerTasks[[#This Row],[IsOverdue]]=""Yes"",TODAY()-DATEVALUE(LEFT(PlannerTasks[[#This Row],[DueDateTime]],10)),0)","=IF(OR(PlannerTasks[[#This Row],[DueDateTime]]="""",PlannerTasks[[#This Row],[PercentComplete]]=100),"""",DATEVALUE(LEFT(PlannerTasks[[#This Row],[DueDateTime]],10))-TODAY())"
2026-10-09T02:22:19.0223186Z,GLcy1eg2bE696YRhutkA32QANKbi,Migration SE Collection webpage in Chinese,XrsNRcj-BUCai1Z8LF5rBWQAFG9L,FcWT8p45_0yAmU3I_Ewh9GQAGRCc,Doing Now,50,5,Medium,"{""b0dde2c9-92a4-4d86-a4fd-2a130944956f"":{""@odata.type"":""#microsoft.graph.plannerAssignment"",""assignedDateTime"":""2026-09-30T03:27:43.4234896Z"",""orderHint"":""\"""",""assignedBy"":{""user"":{""displayName"":null,""id"":""b0dde2c9-92a4-4d86-a4fd-2a130944956f""},""application"":{""displayName"":null,""id"":""75f31797-37c9-498e-8dc9-53c16a36afca""}}}}",2026-09-30T03:27:37.3381237Z,b0dde2c9-92a4-4d86-a4fd-2a130944956f,,2026-10-09T10:00:00Z,,,{},True,[https://steelcase.sharepoint.com/:f:/r/sites/ONEMARKETINGAPAC/Shared%20Documents/OneMarketing%20Folder/Brand%20Comms/B.%20Projects/Migration%20SE%20Collection/Translations/CN?d=wf206f8f1d6aa4affb5c004c9a08f5ba1&csf=1&web=1&e=Jflwbg](https://steelcase.sharepoint.com/:f:/r/sites/ONEMARKETINGAPAC/Shared%20Documents/OneMarketing%20Folder/Brand%20Comms/B.%20Projects/Migration%20SE%20Collection/Translations/CN?d=wf206f8f1d6aa4affb5c004c9a08f5ba1&amp;csf=1&amp;web=1&amp;e=Jflwbg),0,[],0,[],8584108680882325673PM,,Aisah Abdul Talib,Brandcom Project Management,,2026-09-30 00:00:00,"=(LEN(PlannerTasks[[#This Row],[ChecklistSummary]])-LEN(SUBSTITUTE(PlannerTasks[[#This Row],[ChecklistSummary]],""""""isChecked"""":true"","""")))/LEN(""""""isChecked"""":true"")","=PlannerTasks[[#This Row],[ChecklistItemCount]]-PlannerTasks[[#This Row],[ChecklistDone]]","=IF(OR(PlannerTasks[[#This Row],[DueDateTime]]="""",PlannerTasks[[#This Row],[PercentComplete]]=100),""No"",IF(DATEVALUE(LEFT(PlannerTasks[[#This Row],[DueDateTime]],10))<TODAY(),""Yes"",""No""))","=IF(PlannerTasks[[#This Row],[IsOverdue]]=""Yes"",TODAY()-DATEVALUE(LEFT(PlannerTasks[[#This Row],[DueDateTime]],10)),0)","=IF(OR(PlannerTasks[[#This Row],[DueDateTime]]="""",PlannerTasks[[#This Row],[PercentComplete]]=100),"""",DATEVALUE(LEFT(PlannerTasks[[#This Row],[DueDateTime]],10))-TODAY())"
2026-10-09T02:22:21.3281384Z,IvDVqKsoXkCEQ48JG8edCWQAMSvo,HPS external page,XrsNRcj-BUCai1Z8LF5rBWQAFG9L,Q-B-9LalqE6gH1IrVdcQdmQAI0FV,Waiting ,0,5,Medium,"{""b0dde2c9-92a4-4d86-a4fd-2a130944956f"":{""@odata.type"":""#microsoft.graph.plannerAssignment"",""assignedDateTime"":""2026-09-30T03:22:20.8909643Z"",""orderHint"":""\"""",""assignedBy"":{""user"":{""displayName"":null,""id"":""b0dde2c9-92a4-4d86-a4fd-2a130944956f""},""application"":{""displayName"":null,""id"":""75f31797-37c9-498e-8dc9-53c16a36afca""}}}}",2026-09-30T03:22:20.8910212Z,b0dde2c9-92a4-4d86-a4fd-2a130944956f,,,,,"{""category1"":true}",True,https://www.steelcase.com/high-performance-seating/,0,[],0,[],8584108684047522812P5,,Aisah Abdul Talib,Brandcom Project Management,Web-dotcom,2026-09-30 00:00:00,"=(LEN(PlannerTasks[[#This Row],[ChecklistSummary]])-LEN(SUBSTITUTE(PlannerTasks[[#This Row],[ChecklistSummary]],""""""isChecked"""":true"","""")))/LEN(""""""isChecked"""":true"")","=PlannerTasks[[#This Row],[ChecklistItemCount]]-PlannerTasks[[#This Row],[ChecklistDone]]","=IF(OR(PlannerTasks[[#This Row],[DueDateTime]]="""",PlannerTasks[[#This Row],[PercentComplete]]=100),""No"",IF(DATEVALUE(LEFT(PlannerTasks[[#This Row],[DueDateTime]],10))<TODAY(),""Yes"",""No""))","=IF(PlannerTasks[[#This Row],[IsOverdue]]=""Yes"",TODAY()-DATEVALUE(LEFT(PlannerTasks[[#This Row],[DueDateTime]],10)),0)","=IF(OR(PlannerTasks[[#This Row],[DueDateTime]]="""",PlannerTasks[[#This Row],[PercentComplete]]=100),"""",DATEVALUE(LEFT(PlannerTasks[[#This Row],[DueDateTime]],10))-TODAY())"
2026-10-09T02:22:23.3967447Z,YaYExzpOb0K9JxzQIY9EhWQAL95c,Mock Up page updates,XrsNRcj-BUCai1Z8LF5rBWQAFG9L,FcWT8p45_0yAmU3I_Ewh9GQAGRCc,Doing Now,50,3,Important,"{""b0dde2c9-92a4-4d86-a4fd-2a130944956f"":{""@odata.type"":""#microsoft.graph.plannerAssignment"",""assignedDateTime"":""2026-09-30T02:45:50.928609Z"",""orderHint"":""\"""",""assignedBy"":{""user"":{""displayName"":null,""id"":""b0dde2c9-92a4-4d86-a4fd-2a130944956f""},""application"":{""displayName"":null,""id"":""75f31797-37c9-498e-8dc9-53c16a36afca""}}}}",2026-09-30T02:45:50.9286581Z,b0dde2c9-92a4-4d86-a4fd-2a130944956f,,,,,"{""category1"":true}",True,[https://steelcase-my.sharepoint.com/:p:/r/personal/gvirend1_steelcase_com/Documents/Mock%20Up%20Page.pptx?d=w7057f157252a43f287f9eb3796edc5aa&csf=1&web=1&e=c4uClv](https://steelcase-my.sharepoint.com/:p:/r/personal/gvirend1_steelcase_com/Documents/Mock%20Up%20Page.pptx?d=w7057f157252a43f287f9eb3796edc5aa&amp;csf=1&amp;web=1&amp;e=c4uClv),0,[],0,[],"8584108705946125597P""",,Aisah Abdul Talib,Brandcom Project Management,Web-dotcom,2026-09-30 00:00:00,"=(LEN(PlannerTasks[[#This Row],[ChecklistSummary]])-LEN(SUBSTITUTE(PlannerTasks[[#This Row],[ChecklistSummary]],""""""isChecked"""":true"","""")))/LEN(""""""isChecked"""":true"")","=PlannerTasks[[#This Row],[ChecklistItemCount]]-PlannerTasks[[#This Row],[ChecklistDone]]","=IF(OR(PlannerTasks[[#This Row],[DueDateTime]]="""",PlannerTasks[[#This Row],[PercentComplete]]=100),""No"",IF(DATEVALUE(LEFT(PlannerTasks[[#This Row],[DueDateTime]],10))<TODAY(),""Yes"",""No""))","=IF(PlannerTasks[[#This Row],[IsOverdue]]=""Yes"",TODAY()-DATEVALUE(LEFT(PlannerTasks[[#This Row],[DueDateTime]],10)),0)","=IF(OR(PlannerTasks[[#This Row],[DueDateTime]]="""",PlannerTasks[[#This Row],[PercentComplete]]=100),"""",DATEVALUE(LEFT(PlannerTasks[[#This Row],[DueDateTime]],10))-TODAY())"
2026-10-09T02:22:26.3217586Z,ovv8TGpKtEifKB57xgF6tGQAOkJf,Hubspot Segmentation - Japan,XrsNRcj-BUCai1Z8LF5rBWQAFG9L,FcWT8p45_0yAmU3I_Ewh9GQAGRCc,Doing Now,50,5,Medium,"{""b0dde2c9-92a4-4d86-a4fd-2a130944956f"":{""@odata.type"":""#microsoft.graph.plannerAssignment"",""assignedDateTime"":""2026-09-29T08:37:21.8794304Z"",""orderHint"":""\"""",""assignedBy"":{""user"":{""displayName"":null,""id"":""b0dde2c9-92a4-4d86-a4fd-2a130944956f""},""application"":{""displayName"":null,""id"":""75f31797-37c9-498e-8dc9-53c16a36afca""}}}}",2026-09-29T08:37:17.0657289Z,b0dde2c9-92a4-4d86-a4fd-2a130944956f,2026-09-29T10:00:00Z,2026-10-09T10:00:00Z,,,"{""category10"":true}",False,,0,[],0,[],8584109359084977527P2,,Aisah Abdul Talib,Brandcom Project Management,Hubspot,2026-09-29 00:00:00,"=(LEN(PlannerTasks[[#This Row],[ChecklistSummary]])-LEN(SUBSTITUTE(PlannerTasks[[#This Row],[ChecklistSummary]],""""""isChecked"""":true"","""")))/LEN(""""""isChecked"""":true"")","=PlannerTasks[[#This Row],[ChecklistItemCount]]-PlannerTasks[[#This Row],[ChecklistDone]]","=IF(OR(PlannerTasks[[#This Row],[DueDateTime]]="""",PlannerTasks[[#This Row],[PercentComplete]]=100),""No"",IF(DATEVALUE(LEFT(PlannerTasks[[#This Row],[DueDateTime]],10))<TODAY(),""Yes"",""No""))","=IF(PlannerTasks[[#This Row],[IsOverdue]]=""Yes"",TODAY()-DATEVALUE(LEFT(PlannerTasks[[#This Row],[DueDateTime]],10)),0)","=IF(OR(PlannerTasks[[#This Row],[DueDateTime]]="""",PlannerTasks[[#This Row],[PercentComplete]]=100),"""",DATEVALUE(LEFT(PlannerTasks[[#This Row],[DueDateTime]],10))-TODAY())"
2026-10-09T02:22:28.4609245Z,XdMTSMZ3-0qaTii7SWE_CmQAIdG2,ABM Targeting,XrsNRcj-BUCai1Z8LF5rBWQAFG9L,f1v-2jW3aU-0dIkZTM4BkGQAEhcr,[Inbox],0,5,Medium,"{""129b8133-2f40-46f4-8391-49fec10f3174"":{""@odata.type"":""#microsoft.graph.plannerAssignment"",""assignedDateTime"":""2026-10-08T13:03:01.246682Z"",""orderHint"":""\"""",""assignedBy"":{""user"":{""displayName"":null,""id"":""129b8133-2f40-46f4-8391-49fec10f3174""},""application"":{""displayName"":null,""id"":""75f31797-37c9-498e-8dc9-53c16a36afca""}}}}",2026-09-29T06:44:56.7843072Z,129b8133-2f40-46f4-8391-49fec10f3174,,,,,"{""category21"":true,""category23"":true}",False,,0,[],0,[],8584109426487303270PN,,Adam Lau,Brandcom Project Management,"Leadgen, * Project",2026-10-08 00:00:00,"=(LEN(PlannerTasks[[#This Row],[ChecklistSummary]])-LEN(SUBSTITUTE(PlannerTasks[[#This Row],[ChecklistSummary]],""""""isChecked"""":true"","""")))/LEN(""""""isChecked"""":true"")","=PlannerTasks[[#This Row],[ChecklistItemCount]]-PlannerTasks[[#This Row],[ChecklistDone]]","=IF(OR(PlannerTasks[[#This Row],[DueDateTime]]="""",PlannerTasks[[#This Row],[PercentComplete]]=100),""No"",IF(DATEVALUE(LEFT(PlannerTasks[[#This Row],[DueDateTime]],10))<TODAY(),""Yes"",""No""))","=IF(PlannerTasks[[#This Row],[IsOverdue]]=""Yes"",TODAY()-DATEVALUE(LEFT(PlannerTasks[[#This Row],[DueDateTime]],10)),0)","=IF(OR(PlannerTasks[[#This Row],[DueDateTime]]="""",PlannerTasks[[#This Row],[PercentComplete]]=100),"""",DATEVALUE(LEFT(PlannerTasks[[#This Row],[DueDateTime]],10))-TODAY())"
2026-10-09T02:22:30.5289044Z,NPv-ewMX5UOw_bUAhllGJmQAM7n8,"Gated LPs for consultation, downloads + tracking",XrsNRcj-BUCai1Z8LF5rBWQAFG9L,Q-B-9LalqE6gH1IrVdcQdmQAI0FV,Waiting ,50,5,Medium,"{""b0dde2c9-92a4-4d86-a4fd-2a130944956f"":{""@odata.type"":""#microsoft.graph.plannerAssignment"",""assignedDateTime"":""2026-09-29T06:42:39.1644677Z"",""orderHint"":""\"""",""assignedBy"":{""user"":{""displayName"":null,""id"":""b0dde2c9-92a4-4d86-a4fd-2a130944956f""},""application"":{""displayName"":null,""id"":""75f31797-37c9-498e-8dc9-53c16a36afca""}}}}",2026-09-29T06:42:39.1645232Z,b0dde2c9-92a4-4d86-a4fd-2a130944956f,,2026-10-13T10:00:00Z,,,"{""category5"":true}",True,"Hi Adam, as discussed on Teams, we need a gated landing page for enquiries. This ties in with the offer of ""Personalize customization"" that we want our audience to eventually fill up. This is specifically for non-lead gen paid campaigns where we need a page to direct audiences to (i.e. eDMs - email nurture series, organic posts). It will also be used in the final email in our email nurture series._x000D_
Corrine has shared that there was an existing one in the past brand campaign that we can look to use/update: https://www.steelcase.com/asia-en/work-better-campaign/ but if you feel we just need a simpler LP instead of having all these information, feel free to suggest.",0,[],0,[],8584109427863526779P?,,Aisah Abdul Talib,Brandcom Project Management,Email-EDM,2026-09-29 00:00:00,"=(LEN(PlannerTasks[[#This Row],[ChecklistSummary]])-LEN(SUBSTITUTE(PlannerTasks[[#This Row],[ChecklistSummary]],""""""isChecked"""":true"","""")))/LEN(""""""isChecked"""":true"")","=PlannerTasks[[#This Row],[ChecklistItemCount]]-PlannerTasks[[#This Row],[ChecklistDone]]","=IF(OR(PlannerTasks[[#This Row],[DueDateTime]]="""",PlannerTasks[[#This Row],[PercentComplete]]=100),""No"",IF(DATEVALUE(LEFT(PlannerTasks[[#This Row],[DueDateTime]],10))<TODAY(),""Yes"",""No""))","=IF(PlannerTasks[[#This Row],[IsOverdue]]=""Yes"",TODAY()-DATEVALUE(LEFT(PlannerTasks[[#This Row],[DueDateTime]],10)),0)","=IF(OR(PlannerTasks[[#This Row],[DueDateTime]]="""",PlannerTasks[[#This Row],[PercentComplete]]=100),"""",DATEVALUE(LEFT(PlannerTasks[[#This Row],[DueDateTime]],10))-TODAY())"
2026-10-09T02:22:32.4853721Z,6Y4ER53BpU6JV-XbW9HTfmQAPQqq,Creative Agency,XrsNRcj-BUCai1Z8LF5rBWQAFG9L,f1v-2jW3aU-0dIkZTM4BkGQAEhcr,[Inbox],0,5,Medium,"{""129b8133-2f40-46f4-8391-49fec10f3174"":{""@odata.type"":""#microsoft.graph.plannerAssignment"",""assignedDateTime"":""2026-10-08T13:03:08.740805Z"",""orderHint"":""\"""",""assignedBy"":{""user"":{""displayName"":null,""id"":""129b8133-2f40-46f4-8391-49fec10f3174""},""application"":{""displayName"":null,""id"":""75f31797-37c9-498e-8dc9-53c16a36afca""}}}}",2026-09-29T06:39:51.7671244Z,129b8133-2f40-46f4-8391-49fec10f3174,,,,,"{""category21"":true,""category23"":true}",False,,0,[],0,[],8584109429537690343P=,,Adam Lau,Brandcom Project Management,"Leadgen, * Project",2026-10-08 00:00:00,"=(LEN(PlannerTasks[[#This Row],[ChecklistSummary]])-LEN(SUBSTITUTE(PlannerTasks[[#This Row],[ChecklistSummary]],""""""isChecked"""":true"","""")))/LEN(""""""isChecked"""":true"")","=PlannerTasks[[#This Row],[ChecklistItemCount]]-PlannerTasks[[#This Row],[ChecklistDone]]","=IF(OR(PlannerTasks[[#This Row],[DueDateTime]]="""",PlannerTasks[[#This Row],[PercentComplete]]=100),""No"",IF(DATEVALUE(LEFT(PlannerTasks[[#This Row],[DueDateTime]],10))<TODAY(),""Yes"",""No""))","=IF(PlannerTasks[[#This Row],[IsOverdue]]=""Yes"",TODAY()-DATEVALUE(LEFT(PlannerTasks[[#This Row],[DueDateTime]],10)),0)","=IF(OR(PlannerTasks[[#This Row],[DueDateTime]]="""",PlannerTasks[[#This Row],[PercentComplete]]=100),"""",DATEVALUE(LEFT(PlannerTasks[[#This Row],[DueDateTime]],10))-TODAY())"
2026-10-09T02:22:34.4959623Z,furFAgXsvUi5w6PD27OGsGQAFBnP,launch new page after form filled in HS,XrsNRcj-BUCai1Z8LF5rBWQAFG9L,6JvhtLPIeESNdpj7RA8Ir2QAIT3A,To Do ,0,5,Medium,"{""129b8133-2f40-46f4-8391-49fec10f3174"":{""@odata.type"":""#microsoft.graph.plannerAssignment"",""assignedDateTime"":""2026-10-08T13:09:04.1091837Z"",""orderHint"":""\"""",""assignedBy"":{""user"":{""displayName"":null,""id"":""129b8133-2f40-46f4-8391-49fec10f3174""},""application"":{""displayName"":null,""id"":""75f31797-37c9-498e-8dc9-53c16a36afca""}}}}",2026-09-28T04:11:53.5702771Z,129b8133-2f40-46f4-8391-49fec10f3174,,,,,"{""category21"":true,""category23"":true}",False,,0,[],0,[],8584110382319429739PH,,Adam Lau,Brandcom Project Management,"Leadgen, * Project",2026-10-08 00:00:00,"=(LEN(PlannerTasks[[#This Row],[ChecklistSummary]])-LEN(SUBSTITUTE(PlannerTasks[[#This Row],[ChecklistSummary]],""""""isChecked"""":true"","""")))/LEN(""""""isChecked"""":true"")","=PlannerTasks[[#This Row],[ChecklistItemCount]]-PlannerTasks[[#This Row],[ChecklistDone]]","=IF(OR(PlannerTasks[[#This Row],[DueDateTime]]="""",PlannerTasks[[#This Row],[PercentComplete]]=100),""No"",IF(DATEVALUE(LEFT(PlannerTasks[[#This Row],[DueDateTime]],10))<TODAY(),""Yes"",""No""))","=IF(PlannerTasks[[#This Row],[IsOverdue]]=""Yes"",TODAY()-DATEVALUE(LEFT(PlannerTasks[[#This Row],[DueDateTime]],10)),0)","=IF(OR(PlannerTasks[[#This Row],[DueDateTime]]="""",PlannerTasks[[#This Row],[PercentComplete]]=100),"""",DATEVALUE(LEFT(PlannerTasks[[#This Row],[DueDateTime]],10))-TODAY())"
2026-10-09T02:22:36.8221932Z,iwKT-GjT6kOaJ3JJFD9_z2QAMoie,Contentful Project,XrsNRcj-BUCai1Z8LF5rBWQAFG9L,hXWXxcacR0e8OSPDfuHME2QAMCsP,Next Week,0,5,Medium,"{""129b8133-2f40-46f4-8391-49fec10f3174"":{""@odata.type"":""#microsoft.graph.plannerAssignment"",""assignedDateTime"":""2026-10-08T13:13:48.730709Z"",""orderHint"":""\"""",""assignedBy"":{""user"":{""displayName"":null,""id"":""129b8133-2f40-46f4-8391-49fec10f3174""},""application"":{""displayName"":null,""id"":""75f31797-37c9-498e-8dc9-53c16a36afca""}}}}",2026-09-21T08:13:13.8808502Z,129b8133-2f40-46f4-8391-49fec10f3174,,,,,"{""category8"":true,""category23"":true}",False,,1,"[{""id"":""231eef543e5541c8b0159d689827db68"",""value"":{""@odata.type"":""#microsoft.graph.plannerChecklistItem"",""isChecked"":false,""title"":""Make deck"",""orderHint"":""8584114691865796372P#"",""lastModifiedDateTime"":""2026-09-23T04:29:18.9150332Z"",""lastModifiedBy"":{""user"":{""displayName"":null,""id"":""129b8133-2f40-46f4-8391-49fec10f3174""}}}}]",0,[],8584116285516486084PE,,Adam Lau,Brandcom Project Management,"SEO, * Project",2026-10-08 00:00:00,"=(LEN(PlannerTasks[[#This Row],[ChecklistSummary]])-LEN(SUBSTITUTE(PlannerTasks[[#This Row],[ChecklistSummary]],""""""isChecked"""":true"","""")))/LEN(""""""isChecked"""":true"")","=PlannerTasks[[#This Row],[ChecklistItemCount]]-PlannerTasks[[#This Row],[ChecklistDone]]","=IF(OR(PlannerTasks[[#This Row],[DueDateTime]]="""",PlannerTasks[[#This Row],[PercentComplete]]=100),""No"",IF(DATEVALUE(LEFT(PlannerTasks[[#This Row],[DueDateTime]],10))<TODAY(),""Yes"",""No""))","=IF(PlannerTasks[[#This Row],[IsOverdue]]=""Yes"",TODAY()-DATEVALUE(LEFT(PlannerTasks[[#This Row],[DueDateTime]],10)),0)","=IF(OR(PlannerTasks[[#This Row],[DueDateTime]]="""",PlannerTasks[[#This Row],[PercentComplete]]=100),"""",DATEVALUE(LEFT(PlannerTasks[[#This Row],[DueDateTime]],10))-TODAY())"
2026-10-09T02:22:39.1133874Z,eWzMNDoXhkqBQpzanbpjzGQAJj7Q,Combining Tanya + Lead-Max,XrsNRcj-BUCai1Z8LF5rBWQAFG9L,FcWT8p45_0yAmU3I_Ewh9GQAGRCc,Doing Now,0,5,Medium,"{""129b8133-2f40-46f4-8391-49fec10f3174"":{""@odata.type"":""#microsoft.graph.plannerAssignment"",""assignedDateTime"":""2026-10-08T13:09:16.5855687Z"",""orderHint"":""\"""",""assignedBy"":{""user"":{""displayName"":null,""id"":""129b8133-2f40-46f4-8391-49fec10f3174""},""application"":{""displayName"":null,""id"":""75f31797-37c9-498e-8dc9-53c16a36afca""}}}}",2026-09-21T06:36:56.7047928Z,129b8133-2f40-46f4-8391-49fec10f3174,,,,,"{""category22"":true,""category23"":true}",True,Scope out project,0,[],0,[],8584116343288131154PI,,Adam Lau,Brandcom Project Management,"Ai, * Project",2026-10-08 00:00:00,"=(LEN(PlannerTasks[[#This Row],[ChecklistSummary]])-LEN(SUBSTITUTE(PlannerTasks[[#This Row],[ChecklistSummary]],""""""isChecked"""":true"","""")))/LEN(""""""isChecked"""":true"")","=PlannerTasks[[#This Row],[ChecklistItemCount]]-PlannerTasks[[#This Row],[ChecklistDone]]","=IF(OR(PlannerTasks[[#This Row],[DueDateTime]]="""",PlannerTasks[[#This Row],[PercentComplete]]=100),""No"",IF(DATEVALUE(LEFT(PlannerTasks[[#This Row],[DueDateTime]],10))<TODAY(),""Yes"",""No""))","=IF(PlannerTasks[[#This Row],[IsOverdue]]=""Yes"",TODAY()-DATEVALUE(LEFT(PlannerTasks[[#This Row],[DueDateTime]],10)),0)","=IF(OR(PlannerTasks[[#This Row],[DueDateTime]]="""",PlannerTasks[[#This Row],[PercentComplete]]=100),"""",DATEVALUE(LEFT(PlannerTasks[[#This Row],[DueDateTime]],10))-TODAY())"
2026-10-09T02:22:41.2314863Z,3atuqLPaoUu7LuKHp43rw2QAIeHI,exploring checkin solution for Dani's event.,XrsNRcj-BUCai1Z8LF5rBWQAFG9L,6JvhtLPIeESNdpj7RA8Ir2QAIT3A,To Do ,0,5,Medium,"{""129b8133-2f40-46f4-8391-49fec10f3174"":{""@odata.type"":""#microsoft.graph.plannerAssignment"",""assignedDateTime"":""2026-10-08T13:10:09.2109177Z"",""orderHint"":""\"""",""assignedBy"":{""user"":{""displayName"":null,""id"":""129b8133-2f40-46f4-8391-49fec10f3174""},""application"":{""displayName"":null,""id"":""75f31797-37c9-498e-8dc9-53c16a36afca""}}}}",2026-09-15T06:13:30.1552183Z,129b8133-2f40-46f4-8391-49fec10f3174,,,,,"{""category18"":true}",False,,0,[],0,[],8584121541353582513P8,,Adam Lau,Brandcom Project Management,Event,2026-10-08 00:00:00,"=(LEN(PlannerTasks[[#This Row],[ChecklistSummary]])-LEN(SUBSTITUTE(PlannerTasks[[#This Row],[ChecklistSummary]],""""""isChecked"""":true"","""")))/LEN(""""""isChecked"""":true"")","=PlannerTasks[[#This Row],[ChecklistItemCount]]-PlannerTasks[[#This Row],[ChecklistDone]]","=IF(OR(PlannerTasks[[#This Row],[DueDateTime]]="""",PlannerTasks[[#This Row],[PercentComplete]]=100),""No"",IF(DATEVALUE(LEFT(PlannerTasks[[#This Row],[DueDateTime]],10))<TODAY(),""Yes"",""No""))","=IF(PlannerTasks[[#This Row],[IsOverdue]]=""Yes"",TODAY()-DATEVALUE(LEFT(PlannerTasks[[#This Row],[DueDateTime]],10)),0)","=IF(OR(PlannerTasks[[#This Row],[DueDateTime]]="""",PlannerTasks[[#This Row],[PercentComplete]]=100),"""",DATEVALUE(LEFT(PlannerTasks[[#This Row],[DueDateTime]],10))-TODAY())"
2026-10-09T02:22:43.4780097Z,69DUvv6DpEGI7MvjBPJIVGQAJkXF,Sorting out tracking issues Tim Merkel discussion with Katy.,XrsNRcj-BUCai1Z8LF5rBWQAFG9L,VvFb0U6zYUiz9zKudbSK6WQAP0Yz,This Week,0,5,Medium,"{""129b8133-2f40-46f4-8391-49fec10f3174"":{""@odata.type"":""#microsoft.graph.plannerAssignment"",""assignedDateTime"":""2026-10-08T13:10:42.0391989Z"",""orderHint"":""\"""",""assignedBy"":{""user"":{""displayName"":null,""id"":""129b8133-2f40-46f4-8391-49fec10f3174""},""application"":{""displayName"":null,""id"":""75f31797-37c9-498e-8dc9-53c16a36afca""}}}}",2026-09-15T06:09:01.8563835Z,129b8133-2f40-46f4-8391-49fec10f3174,2026-08-18T10:00:00Z,,,,"{""category13"":true,""category23"":true}",False,,0,[],0,[],8584121544036796805P<,,Adam Lau,Brandcom Project Management,"Report, * Project",2026-10-08 00:00:00,"=(LEN(PlannerTasks[[#This Row],[ChecklistSummary]])-LEN(SUBSTITUTE(PlannerTasks[[#This Row],[ChecklistSummary]],""""""isChecked"""":true"","""")))/LEN(""""""isChecked"""":true"")","=PlannerTasks[[#This Row],[ChecklistItemCount]]-PlannerTasks[[#This Row],[ChecklistDone]]","=IF(OR(PlannerTasks[[#This Row],[DueDateTime]]="""",PlannerTasks[[#This Row],[PercentComplete]]=100),""No"",IF(DATEVALUE(LEFT(PlannerTasks[[#This Row],[DueDateTime]],10))<TODAY(),""Yes"",""No""))","=IF(PlannerTasks[[#This Row],[IsOverdue]]=""Yes"",TODAY()-DATEVALUE(LEFT(PlannerTasks[[#This Row],[DueDateTime]],10)),0)","=IF(OR(PlannerTasks[[#This Row],[DueDateTime]]="""",PlannerTasks[[#This Row],[PercentComplete]]=100),"""",DATEVALUE(LEFT(PlannerTasks[[#This Row],[DueDateTime]],10))-TODAY())"
2026-10-09T02:22:45.6816449Z,cnIAqFLCJUGxQosU2Xf8YWQADDv9,Create SOP for all processes,XrsNRcj-BUCai1Z8LF5rBWQAFG9L,f1v-2jW3aU-0dIkZTM4BkGQAEhcr,[Inbox],0,5,Medium,"{""129b8133-2f40-46f4-8391-49fec10f3174"":{""@odata.type"":""#microsoft.graph.plannerAssignment"",""assignedDateTime"":""2026-10-08T12:56:39.5506397Z"",""orderHint"":""\"""",""assignedBy"":{""user"":{""displayName"":null,""id"":""129b8133-2f40-46f4-8391-49fec10f3174""},""application"":{""displayName"":null,""id"":""75f31797-37c9-498e-8dc9-53c16a36afca""}}}}",2026-09-15T06:08:43.4238999Z,129b8133-2f40-46f4-8391-49fec10f3174,,,,,"{""category23"":true}",False,,0,[],0,[],8584121544220929001P5,,Adam Lau,Brandcom Project Management,* Project,2026-10-08 00:00:00,"=(LEN(PlannerTasks[[#This Row],[ChecklistSummary]])-LEN(SUBSTITUTE(PlannerTasks[[#This Row],[ChecklistSummary]],""""""isChecked"""":true"","""")))/LEN(""""""isChecked"""":true"")","=PlannerTasks[[#This Row],[ChecklistItemCount]]-PlannerTasks[[#This Row],[ChecklistDone]]","=IF(OR(PlannerTasks[[#This Row],[DueDateTime]]="""",PlannerTasks[[#This Row],[PercentComplete]]=100),""No"",IF(DATEVALUE(LEFT(PlannerTasks[[#This Row],[DueDateTime]],10))<TODAY(),""Yes"",""No""))","=IF(PlannerTasks[[#This Row],[IsOverdue]]=""Yes"",TODAY()-DATEVALUE(LEFT(PlannerTasks[[#This Row],[DueDateTime]],10)),0)","=IF(OR(PlannerTasks[[#This Row],[DueDateTime]]="""",PlannerTasks[[#This Row],[PercentComplete]]=100),"""",DATEVALUE(LEFT(PlannerTasks[[#This Row],[DueDateTime]],10))-TODAY())"
2026-10-09T02:22:47.7401456Z,FRfiIINxl02XF9Di7TUxX2QAPoad,AI SDR - Talk to Lim,XrsNRcj-BUCai1Z8LF5rBWQAFG9L,f1v-2jW3aU-0dIkZTM4BkGQAEhcr,[Inbox],0,5,Medium,"{""129b8133-2f40-46f4-8391-49fec10f3174"":{""@odata.type"":""#microsoft.graph.plannerAssignment"",""assignedDateTime"":""2026-10-08T13:13:07.4920341Z"",""orderHint"":""\"""",""assignedBy"":{""user"":{""displayName"":null,""id"":""129b8133-2f40-46f4-8391-49fec10f3174""},""application"":{""displayName"":null,""id"":""75f31797-37c9-498e-8dc9-53c16a36afca""}}}}",2026-09-15T06:08:20.0706731Z,129b8133-2f40-46f4-8391-49fec10f3174,,,,,"{""category22"":true,""category23"":true}",False,,0,[],0,[],8584121544454497814P/,,Adam Lau,Brandcom Project Management,"Ai, * Project",2026-10-08 00:00:00,"=(LEN(PlannerTasks[[#This Row],[ChecklistSummary]])-LEN(SUBSTITUTE(PlannerTasks[[#This Row],[ChecklistSummary]],""""""isChecked"""":true"","""")))/LEN(""""""isChecked"""":true"")","=PlannerTasks[[#This Row],[ChecklistItemCount]]-PlannerTasks[[#This Row],[ChecklistDone]]","=IF(OR(PlannerTasks[[#This Row],[DueDateTime]]="""",PlannerTasks[[#This Row],[PercentComplete]]=100),""No"",IF(DATEVALUE(LEFT(PlannerTasks[[#This Row],[DueDateTime]],10))<TODAY(),""Yes"",""No""))","=IF(PlannerTasks[[#This Row],[IsOverdue]]=""Yes"",TODAY()-DATEVALUE(LEFT(PlannerTasks[[#This Row],[DueDateTime]],10)),0)","=IF(OR(PlannerTasks[[#This Row],[DueDateTime]]="""",PlannerTasks[[#This Row],[PercentComplete]]=100),"""",DATEVALUE(LEFT(PlannerTasks[[#This Row],[DueDateTime]],10))-TODAY())"
2026-10-09T02:22:49.7993873Z,IRN2kdT_j0K6rGD7b0_ZuGQAJdXG,Replace Clickup with Microsoft Planner,XrsNRcj-BUCai1Z8LF5rBWQAFG9L,FcWT8p45_0yAmU3I_Ewh9GQAGRCc,Doing Now,0,5,Medium,"{""129b8133-2f40-46f4-8391-49fec10f3174"":{""@odata.type"":""#microsoft.graph.plannerAssignment"",""assignedDateTime"":""2026-10-08T13:13:44.453109Z"",""orderHint"":""\"""",""assignedBy"":{""user"":{""displayName"":null,""id"":""129b8133-2f40-46f4-8391-49fec10f3174""},""application"":{""displayName"":null,""id"":""75f31797-37c9-498e-8dc9-53c16a36afca""}}}}",2026-09-15T06:07:48.5565783Z,129b8133-2f40-46f4-8391-49fec10f3174,,,,,"{""category13"":true,""category23"":true}",False,,0,[],0,[],8584121544769896651P.,,Adam Lau,Brandcom Project Management,"Report, * Project",2026-10-08 00:00:00,"=(LEN(PlannerTasks[[#This Row],[ChecklistSummary]])-LEN(SUBSTITUTE(PlannerTasks[[#This Row],[ChecklistSummary]],""""""isChecked"""":true"","""")))/LEN(""""""isChecked"""":true"")","=PlannerTasks[[#This Row],[ChecklistItemCount]]-PlannerTasks[[#This Row],[ChecklistDone]]","=IF(OR(PlannerTasks[[#This Row],[DueDateTime]]="""",PlannerTasks[[#This Row],[PercentComplete]]=100),""No"",IF(DATEVALUE(LEFT(PlannerTasks[[#This Row],[DueDateTime]],10))<TODAY(),""Yes"",""No""))","=IF(PlannerTasks[[#This Row],[IsOverdue]]=""Yes"",TODAY()-DATEVALUE(LEFT(PlannerTasks[[#This Row],[DueDateTime]],10)),0)","=IF(OR(PlannerTasks[[#This Row],[DueDateTime]]="""",PlannerTasks[[#This Row],[PercentComplete]]=100),"""",DATEVALUE(LEFT(PlannerTasks[[#This Row],[DueDateTime]],10))-TODAY())"
2026-10-09T02:22:52.1472614Z,G4J5kNOAxUO_fKW-hi3A-WQABaSH,Dashboard: Email reporting,XrsNRcj-BUCai1Z8LF5rBWQAFG9L,6JvhtLPIeESNdpj7RA8Ir2QAIT3A,To Do ,0,5,Medium,"{""129b8133-2f40-46f4-8391-49fec10f3174"":{""@odata.type"":""#microsoft.graph.plannerAssignment"",""assignedDateTime"":""2026-10-08T13:09:23.9117786Z"",""orderHint"":""\"""",""assignedBy"":{""user"":{""displayName"":null,""id"":""129b8133-2f40-46f4-8391-49fec10f3174""},""application"":{""displayName"":null,""id"":""75f31797-37c9-498e-8dc9-53c16a36afca""}}}}",2026-09-15T06:07:24.7838288Z,129b8133-2f40-46f4-8391-49fec10f3174,,,,,"{""category13"":true,""category23"":true}",False,,0,[],0,[],8584121545007319813PC,,Adam Lau,Brandcom Project Management,"Report, * Project",2026-10-08 00:00:00,"=(LEN(PlannerTasks[[#This Row],[ChecklistSummary]])-LEN(SUBSTITUTE(PlannerTasks[[#This Row],[ChecklistSummary]],""""""isChecked"""":true"","""")))/LEN(""""""isChecked"""":true"")","=PlannerTasks[[#This Row],[ChecklistItemCount]]-PlannerTasks[[#This Row],[ChecklistDone]]","=IF(OR(PlannerTasks[[#This Row],[DueDateTime]]="""",PlannerTasks[[#This Row],[PercentComplete]]=100),""No"",IF(DATEVALUE(LEFT(PlannerTasks[[#This Row],[DueDateTime]],10))<TODAY(),""Yes"",""No""))","=IF(PlannerTasks[[#This Row],[IsOverdue]]=""Yes"",TODAY()-DATEVALUE(LEFT(PlannerTasks[[#This Row],[DueDateTime]],10)),0)","=IF(OR(PlannerTasks[[#This Row],[DueDateTime]]="""",PlannerTasks[[#This Row],[PercentComplete]]=100),"""",DATEVALUE(LEFT(PlannerTasks[[#This Row],[DueDateTime]],10))-TODAY())"
2026-10-09T02:22:54.3536761Z,fg89gxhDJkS9uDGGnGOLCWQABwXy,NEW Monthly Report,XrsNRcj-BUCai1Z8LF5rBWQAFG9L,VvFb0U6zYUiz9zKudbSK6WQAP0Yz,This Week,0,5,Medium,"{""129b8133-2f40-46f4-8391-49fec10f3174"":{""@odata.type"":""#microsoft.graph.plannerAssignment"",""assignedDateTime"":""2026-10-08T13:09:31.577927Z"",""orderHint"":""\"""",""assignedBy"":{""user"":{""displayName"":null,""id"":""129b8133-2f40-46f4-8391-49fec10f3174""},""application"":{""displayName"":null,""id"":""75f31797-37c9-498e-8dc9-53c16a36afca""}}}}",2026-09-15T06:06:46.3992994Z,129b8133-2f40-46f4-8391-49fec10f3174,,,,,"{""category13"":true,""category23"":true}",False,,0,[],0,[],8584121545391216412PC,,Adam Lau,Brandcom Project Management,"Report, * Project",2026-10-08 00:00:00,"=(LEN(PlannerTasks[[#This Row],[ChecklistSummary]])-LEN(SUBSTITUTE(PlannerTasks[[#This Row],[ChecklistSummary]],""""""isChecked"""":true"","""")))/LEN(""""""isChecked"""":true"")","=PlannerTasks[[#This Row],[ChecklistItemCount]]-PlannerTasks[[#This Row],[ChecklistDone]]","=IF(OR(PlannerTasks[[#This Row],[DueDateTime]]="""",PlannerTasks[[#This Row],[PercentComplete]]=100),""No"",IF(DATEVALUE(LEFT(PlannerTasks[[#This Row],[DueDateTime]],10))<TODAY(),""Yes"",""No""))","=IF(PlannerTasks[[#This Row],[IsOverdue]]=""Yes"",TODAY()-DATEVALUE(LEFT(PlannerTasks[[#This Row],[DueDateTime]],10)),0)","=IF(OR(PlannerTasks[[#This Row],[DueDateTime]]="""",PlannerTasks[[#This Row],[PercentComplete]]=100),"""",DATEVALUE(LEFT(PlannerTasks[[#This Row],[DueDateTime]],10))-TODAY())"
2026-10-09T02:22:56.6320965Z,HW6o9dzYM06ve9xSOE4cCWQAGMF-,NEW Weekly Report,XrsNRcj-BUCai1Z8LF5rBWQAFG9L,FcWT8p45_0yAmU3I_Ewh9GQAGRCc,Doing Now,0,5,Medium,"{""129b8133-2f40-46f4-8391-49fec10f3174"":{""@odata.type"":""#microsoft.graph.plannerAssignment"",""assignedDateTime"":""2026-10-08T13:09:10.8689354Z"",""orderHint"":""\"""",""assignedBy"":{""user"":{""displayName"":null,""id"":""129b8133-2f40-46f4-8391-49fec10f3174""},""application"":{""displayName"":null,""id"":""75f31797-37c9-498e-8dc9-53c16a36afca""}}}}",2026-09-15T06:06:36.4582085Z,129b8133-2f40-46f4-8391-49fec10f3174,,,,,"{""category13"":true,""category23"":true}",False,,0,[],0,[],8584121545490581770PJ,,Adam Lau,Brandcom Project Management,"Report, * Project",2026-10-08 00:00:00,"=(LEN(PlannerTasks[[#This Row],[ChecklistSummary]])-LEN(SUBSTITUTE(PlannerTasks[[#This Row],[ChecklistSummary]],""""""isChecked"""":true"","""")))/LEN(""""""isChecked"""":true"")","=PlannerTasks[[#This Row],[ChecklistItemCount]]-PlannerTasks[[#This Row],[ChecklistDone]]","=IF(OR(PlannerTasks[[#This Row],[DueDateTime]]="""",PlannerTasks[[#This Row],[PercentComplete]]=100),""No"",IF(DATEVALUE(LEFT(PlannerTasks[[#This Row],[DueDateTime]],10))<TODAY(),""Yes"",""No""))","=IF(PlannerTasks[[#This Row],[IsOverdue]]=""Yes"",TODAY()-DATEVALUE(LEFT(PlannerTasks[[#This Row],[DueDateTime]],10)),0)","=IF(OR(PlannerTasks[[#This Row],[DueDateTime]]="""",PlannerTasks[[#This Row],[PercentComplete]]=100),"""",DATEVALUE(LEFT(PlannerTasks[[#This Row],[DueDateTime]],10))-TODAY())"
2026-10-09T02:22:59.6457294Z,BJCaZwDVt0yZHxaD6uURv2QADRAh,CX Project,XrsNRcj-BUCai1Z8LF5rBWQAFG9L,hXWXxcacR0e8OSPDfuHME2QAMCsP,Next Week,0,5,Medium,"{""129b8133-2f40-46f4-8391-49fec10f3174"":{""@odata.type"":""#microsoft.graph.plannerAssignment"",""assignedDateTime"":""2026-10-08T13:13:02.5773792Z"",""orderHint"":""\"""",""assignedBy"":{""user"":{""displayName"":null,""id"":""129b8133-2f40-46f4-8391-49fec10f3174""},""application"":{""displayName"":null,""id"":""75f31797-37c9-498e-8dc9-53c16a36afca""}}}}",2026-09-15T06:05:30.6254732Z,129b8133-2f40-46f4-8391-49fec10f3174,,,,,"{""category16"":true,""category23"":true}",True,CX project:,3,"[{""id"":""3f0278885ac0479da0ccebf0c2fc3edc"",""value"":{""@odata.type"":""#microsoft.graph.plannerChecklistItem"",""isChecked"":false,""title"":""List out all SC website links"",""orderHint"":""8584121545910045830P?"",""lastModifiedDateTime"":""2026-09-15T06:05:54.5029527Z"",""lastModifiedBy"":{""user"":{""displayName"":null,""id"":""129b8133-2f40-46f4-8391-49fec10f3174""}}}},{""id"":""db69dae060104007b422c033dc32d228"",""value"":{""@odata.type"":""#microsoft.graph.plannerChecklistItem"",""isChecked"":false,""title"":""indexing status."",""orderHint"":""85841215455O"",""lastModifiedDateTime"":""2026-09-15T06:06:11.2153132Z"",""lastModifiedBy"":{""user"":{""displayName"":null,""id"":""129b8133-2f40-46f4-8391-49fec10f3174""}}}},{""id"":""78979c11f88041799bb126b7383f8847"",""value"":{""@odata.type"":""#microsoft.graph.plannerChecklistItem"",""isChecked"":false,""title"":""See if we can implement anything now without budget."",""orderHint"":""85841215453B"",""lastModifiedDateTime"":""2026-09-15T06:06:12.2625153Z"",""lastModifiedBy"":{""user"":{""displayName"":null,""id"":""129b8133-2f40-46f4-8391-49fec10f3174""}}}}]",0,[],8584121546148987874PH,,Adam Lau,Brandcom Project Management,"CX, * Project",2026-10-08 00:00:00,"=(LEN(PlannerTasks[[#This Row],[ChecklistSummary]])-LEN(SUBSTITUTE(PlannerTasks[[#This Row],[ChecklistSummary]],""""""isChecked"""":true"","""")))/LEN(""""""isChecked"""":true"")","=PlannerTasks[[#This Row],[ChecklistItemCount]]-PlannerTasks[[#This Row],[ChecklistDone]]","=IF(OR(PlannerTasks[[#This Row],[DueDateTime]]="""",PlannerTasks[[#This Row],[PercentComplete]]=100),""No"",IF(DATEVALUE(LEFT(PlannerTasks[[#This Row],[DueDateTime]],10))<TODAY(),""Yes"",""No""))","=IF(PlannerTasks[[#This Row],[IsOverdue]]=""Yes"",TODAY()-DATEVALUE(LEFT(PlannerTasks[[#This Row],[DueDateTime]],10)),0)","=IF(OR(PlannerTasks[[#This Row],[DueDateTime]]="""",PlannerTasks[[#This Row],[PercentComplete]]=100),"""",DATEVALUE(LEFT(PlannerTasks[[#This Row],[DueDateTime]],10))-TODAY())"
2026-10-09T02:23:02.0179993Z,b-1JPFpdLEKKfZvGnDoML2QAH-WC,Dealer conference Deck,XrsNRcj-BUCai1Z8LF5rBWQAFG9L,FcWT8p45_0yAmU3I_Ewh9GQAGRCc,Doing Now,0,1,Urgent,"{""129b8133-2f40-46f4-8391-49fec10f3174"":{""@odata.type"":""#microsoft.graph.plannerAssignment"",""assignedDateTime"":""2026-10-08T13:08:26.1890146Z"",""orderHint"":""\"""",""assignedBy"":{""user"":{""displayName"":null,""id"":""129b8133-2f40-46f4-8391-49fec10f3174""},""application"":{""displayName"":null,""id"":""75f31797-37c9-498e-8dc9-53c16a36afca""}}}}",2026-09-15T06:04:50.5591925Z,129b8133-2f40-46f4-8391-49fec10f3174,2026-09-27T10:00:00Z,2026-10-09T10:00:00Z,,,"{""category18"":true}",False,,0,[],0,[],8584121546549580065P9,,Adam Lau,Brandcom Project Management,Event,2026-10-08 00:00:00,"=(LEN(PlannerTasks[[#This Row],[ChecklistSummary]])-LEN(SUBSTITUTE(PlannerTasks[[#This Row],[ChecklistSummary]],""""""isChecked"""":true"","""")))/LEN(""""""isChecked"""":true"")","=PlannerTasks[[#This Row],[ChecklistItemCount]]-PlannerTasks[[#This Row],[ChecklistDone]]","=IF(OR(PlannerTasks[[#This Row],[DueDateTime]]="""",PlannerTasks[[#This Row],[PercentComplete]]=100),""No"",IF(DATEVALUE(LEFT(PlannerTasks[[#This Row],[DueDateTime]],10))<TODAY(),""Yes"",""No""))","=IF(PlannerTasks[[#This Row],[IsOverdue]]=""Yes"",TODAY()-DATEVALUE(LEFT(PlannerTasks[[#This Row],[DueDateTime]],10)),0)","=IF(OR(PlannerTasks[[#This Row],[DueDateTime]]="""",PlannerTasks[[#This Row],[PercentComplete]]=100),"""",DATEVALUE(LEFT(PlannerTasks[[#This Row],[DueDateTime]],10))-TODAY())"
2026-10-09T02:23:04.0804499Z,Z8eNJLmk4Uyh4caBeaQ91mQAOeef,Impact Report 2025 Comms,XrsNRcj-BUCai1Z8LF5rBWQAFG9L,Gw8d1qlHp0G2XXOqpsiKP2QAPmSt,Done,100,1,Urgent,"{""b0dde2c9-92a4-4d86-a4fd-2a130944956f"":{""@odata.type"":""#microsoft.graph.plannerAssignment"",""assignedDateTime"":""2026-10-07T05:37:39.4936225Z"",""orderHint"":""\"""",""assignedBy"":{""user"":{""displayName"":null,""id"":""9395807e-67f2-4b2f-870f-75bbbd3c6bf2""},""application"":{""displayName"":null,""id"":""75f31797-37c9-498e-8dc9-53c16a36afca""}}}}",2026-10-07T05:37:39.4936795Z,9395807e-67f2-4b2f-870f-75bbbd3c6bf2,2026-10-07T10:00:00Z,2026-10-08T10:00:00Z,2026-10-09T01:43:57.385621Z,b0dde2c9-92a4-4d86-a4fd-2a130944956f,"{""category6"":true}",False,,1,"[{""id"":""3136a0bda6634c0b9904eca0fe4b66e3"",""value"":{""@odata.type"":""#microsoft.graph.plannerChecklistItem"",""isChecked"":false,""title"":""AP Announcement"",""orderHint"":""8584102554645762506P>"",""lastModifiedDateTime"":""2026-10-07T05:38:00.9202547Z"",""lastModifiedBy"":{""user"":{""displayName"":null,""id"":""9395807e-67f2-4b2f-870f-75bbbd3c6bf2""}}}}]",1,"[{""resourceLink"":""https://steelcase.sharepoint.com/sites/BrandcomDigitalTeamTaskRequest/_layouts/15/Doc.aspx?sourcedoc=%7B67DAD2F5-6A4D-49EB-9C30-0132CD5F268F%7D&file=Impact%20Report%20-%20APAC%20%2B%20Dealer%20Leader%20News.docx&action=default&mobileredirect=true"",""value"":{""@odata.type"":""#microsoft.graph.plannerExternalReference"",""alias"":""Impact Report - APAC + Dealer Leader News.docx"",""type"":""Word"",""previewPriority"":""8584102552653558272PK"",""lastModifiedDateTime"":""2026-10-07T05:41:20.1399538Z"",""lastModifiedBy"":{""user"":{""displayName"":null,""id"":""9395807e-67f2-4b2f-870f-75bbbd3c6bf2""}}}}]",8584102554860814984PF,,Aisah Abdul Talib,Brandcom Project Management,Email-APAnnouncement,2026-10-07 00:00:00,"=(LEN(PlannerTasks[[#This Row],[ChecklistSummary]])-LEN(SUBSTITUTE(PlannerTasks[[#This Row],[ChecklistSummary]],""""""isChecked"""":true"","""")))/LEN(""""""isChecked"""":true"")","=PlannerTasks[[#This Row],[ChecklistItemCount]]-PlannerTasks[[#This Row],[ChecklistDone]]","=IF(OR(PlannerTasks[[#This Row],[DueDateTime]]="""",PlannerTasks[[#This Row],[PercentComplete]]=100),""No"",IF(DATEVALUE(LEFT(PlannerTasks[[#This Row],[DueDateTime]],10))<TODAY(),""Yes"",""No""))","=IF(PlannerTasks[[#This Row],[IsOverdue]]=""Yes"",TODAY()-DATEVALUE(LEFT(PlannerTasks[[#This Row],[DueDateTime]],10)),0)","=IF(OR(PlannerTasks[[#This Row],[DueDateTime]]="""",PlannerTasks[[#This Row],[PercentComplete]]=100),"""",DATEVALUE(LEFT(PlannerTasks[[#This Row],[DueDateTime]],10))-TODAY())"
2026-10-09T02:23:06.1051406Z,RV709phnUUyrHhJvXA7TFGQAIlUY,Presentation to Sales Deck,XrsNRcj-BUCai1Z8LF5rBWQAFG9L,Gw8d1qlHp0G2XXOqpsiKP2QAPmSt,Done,100,5,Medium,"{""129b8133-2f40-46f4-8391-49fec10f3174"":{""@odata.type"":""#microsoft.graph.plannerAssignment"",""assignedDateTime"":""2026-10-08T13:08:54.9595706Z"",""orderHint"":""\"""",""assignedBy"":{""user"":{""displayName"":null,""id"":""129b8133-2f40-46f4-8391-49fec10f3174""},""application"":{""displayName"":null,""id"":""75f31797-37c9-498e-8dc9-53c16a36afca""}}}}",2026-09-15T06:04:10.4277188Z,129b8133-2f40-46f4-8391-49fec10f3174,,,2026-10-08T13:30:42.9321938Z,129b8133-2f40-46f4-8391-49fec10f3174,"{""category21"":true}",True,connect to Gus (Ai Lead calling) Deck. Getting Sales-buy-in. Lead qualification. Deck to present to sales team,2,"[{""id"":""b3d578ed65574954bb3ba9d21befe8bc"",""value"":{""@odata.type"":""#microsoft.graph.plannerChecklistItem"",""isChecked"":false,""title"":""download and recompile on PPT"",""orderHint"":""8584116344756038338P;"",""lastModifiedDateTime"":""2026-09-21T06:34:29.9009996Z"",""lastModifiedBy"":{""user"":{""displayName"":null,""id"":""129b8133-2f40-46f4-8391-49fec10f3174""}}}},{""id"":""42a5c8dfa9814fd78c349640d2b93358"",""value"":{""@odata.type"":""#microsoft.graph.plannerChecklistItem"",""isChecked"":false,""title"":""Add the excel (sales routing)"",""orderHint"":""8584116343\\5"",""lastModifiedDateTime"":""2026-09-21T06:34:54.1111649Z"",""lastModifiedBy"":{""user"":{""displayName"":null,""id"":""129b8133-2f40-46f4-8391-49fec10f3174""}}}}]",1,"[{""resourceLink"":""https://steelcase-my.sharepoint.com/:p:/r/personal/alau2_steelcase_com/Documents/APAC_Lead_Routing_HubSpot_to_Salesforce.pptx?d=wda7bd11ff9634188bfe0eae40705cb1f&csf=1&web=1&e=YfosaU"",""value"":{""@odata.type"":""#microsoft.graph.plannerExternalReference"",""alias"":""HS > SF deck"",""type"":""PowerPoint"",""previewPriority"":""8584110352XG"",""lastModifiedDateTime"":""2026-09-28T05:01:14.4285749Z"",""lastModifiedBy"":{""user"":{""displayName"":null,""id"":""129b8133-2f40-46f4-8391-49fec10f3174""}}}}]",8584121546950890423P4,,Adam Lau,Brandcom Project Management,Leadgen,2026-10-08 00:00:00,"=(LEN(PlannerTasks[[#This Row],[ChecklistSummary]])-LEN(SUBSTITUTE(PlannerTasks[[#This Row],[ChecklistSummary]],""""""isChecked"""":true"","""")))/LEN(""""""isChecked"""":true"")","=PlannerTasks[[#This Row],[ChecklistItemCount]]-PlannerTasks[[#This Row],[ChecklistDone]]","=IF(OR(PlannerTasks[[#This Row],[DueDateTime]]="""",PlannerTasks[[#This Row],[PercentComplete]]=100),""No"",IF(DATEVALUE(LEFT(PlannerTasks[[#This Row],[DueDateTime]],10))<TODAY(),""Yes"",""No""))","=IF(PlannerTasks[[#This Row],[IsOverdue]]=""Yes"",TODAY()-DATEVALUE(LEFT(PlannerTasks[[#This Row],[DueDateTime]],10)),0)","=IF(OR(PlannerTasks[[#This Row],[DueDateTime]]="""",PlannerTasks[[#This Row],[PercentComplete]]=100),"""",DATEVALUE(LEFT(PlannerTasks[[#This Row],[DueDateTime]],10))-TODAY())"
2026-10-09T02:23:08.5259181Z,DWvhU28erUy_yb_KjYyRG2QAH2Z8,Create a Media Planning template,XrsNRcj-BUCai1Z8LF5rBWQAFG9L,Gw8d1qlHp0G2XXOqpsiKP2QAPmSt,Done,100,5,Medium,"{""129b8133-2f40-46f4-8391-49fec10f3174"":{""@odata.type"":""#microsoft.graph.plannerAssignment"",""assignedDateTime"":""2026-10-08T13:10:23.6215399Z"",""orderHint"":""\"""",""assignedBy"":{""user"":{""displayName"":null,""id"":""129b8133-2f40-46f4-8391-49fec10f3174""},""application"":{""displayName"":null,""id"":""75f31797-37c9-498e-8dc9-53c16a36afca""}}}}",2026-09-15T06:08:04.2577814Z,129b8133-2f40-46f4-8391-49fec10f3174,2026-09-16T10:00:00Z,,2026-10-08T13:30:42.1216868Z,129b8133-2f40-46f4-8391-49fec10f3174,"{""category11"":true,""category23"":true}",False,,0,[],0,[],8584121544612745870PL,,Adam Lau,Brandcom Project Management,"ADS- Planning, * Project",2026-10-08 00:00:00,"=(LEN(PlannerTasks[[#This Row],[ChecklistSummary]])-LEN(SUBSTITUTE(PlannerTasks[[#This Row],[ChecklistSummary]],""""""isChecked"""":true"","""")))/LEN(""""""isChecked"""":true"")","=PlannerTasks[[#This Row],[ChecklistItemCount]]-PlannerTasks[[#This Row],[ChecklistDone]]","=IF(OR(PlannerTasks[[#This Row],[DueDateTime]]="""",PlannerTasks[[#This Row],[PercentComplete]]=100),""No"",IF(DATEVALUE(LEFT(PlannerTasks[[#This Row],[DueDateTime]],10))<TODAY(),""Yes"",""No""))","=IF(PlannerTasks[[#This Row],[IsOverdue]]=""Yes"",TODAY()-DATEVALUE(LEFT(PlannerTasks[[#This Row],[DueDateTime]],10)),0)","=IF(OR(PlannerTasks[[#This Row],[DueDateTime]]="""",PlannerTasks[[#This Row],[PercentComplete]]=100),"""",DATEVALUE(LEFT(PlannerTasks[[#This Row],[DueDateTime]],10))-TODAY())"
2026-10-09T02:23:10.6224072Z,s30OqpDkO0Soz6yzOrzfwmQAB0wA,budget sheet - Are everybody confirm spending according to plan,XrsNRcj-BUCai1Z8LF5rBWQAFG9L,Gw8d1qlHp0G2XXOqpsiKP2QAPmSt,Done,100,5,Medium,"{""129b8133-2f40-46f4-8391-49fec10f3174"":{""@odata.type"":""#microsoft.graph.plannerAssignment"",""assignedDateTime"":""2026-10-08T13:12:57.3237854Z"",""orderHint"":""\"""",""assignedBy"":{""user"":{""displayName"":null,""id"":""129b8133-2f40-46f4-8391-49fec10f3174""},""application"":{""displayName"":null,""id"":""75f31797-37c9-498e-8dc9-53c16a36afca""}}}}",2026-09-21T09:44:56.9832501Z,129b8133-2f40-46f4-8391-49fec10f3174,2026-09-24T10:00:00Z,,2026-10-08T13:30:41.6945185Z,129b8133-2f40-46f4-8391-49fec10f3174,"{""category15"":true}",False,,0,[],0,[],8584116230485580608PJ,,Adam Lau,Brandcom Project Management,Others,2026-10-08 00:00:00,"=(LEN(PlannerTasks[[#This Row],[ChecklistSummary]])-LEN(SUBSTITUTE(PlannerTasks[[#This Row],[ChecklistSummary]],""""""isChecked"""":true"","""")))/LEN(""""""isChecked"""":true"")","=PlannerTasks[[#This Row],[ChecklistItemCount]]-PlannerTasks[[#This Row],[ChecklistDone]]","=IF(OR(PlannerTasks[[#This Row],[DueDateTime]]="""",PlannerTasks[[#This Row],[PercentComplete]]=100),""No"",IF(DATEVALUE(LEFT(PlannerTasks[[#This Row],[DueDateTime]],10))<TODAY(),""Yes"",""No""))","=IF(PlannerTasks[[#This Row],[IsOverdue]]=""Yes"",TODAY()-DATEVALUE(LEFT(PlannerTasks[[#This Row],[DueDateTime]],10)),0)","=IF(OR(PlannerTasks[[#This Row],[DueDateTime]]="""",PlannerTasks[[#This Row],[PercentComplete]]=100),"""",DATEVALUE(LEFT(PlannerTasks[[#This Row],[DueDateTime]],10))-TODAY())"
2026-10-09T02:23:12.8537437Z,B7d_DawnlUWTx5mkf1mtN2QAGfdr,Engineer Announcement,XrsNRcj-BUCai1Z8LF5rBWQAFG9L,Gw8d1qlHp0G2XXOqpsiKP2QAPmSt,Done,100,5,Medium,"{""b0dde2c9-92a4-4d86-a4fd-2a130944956f"":{""@odata.type"":""#microsoft.graph.plannerAssignment"",""assignedDateTime"":""2026-10-08T07:15:17.2269064Z"",""orderHint"":""\"""",""assignedBy"":{""user"":{""displayName"":null,""id"":""b0dde2c9-92a4-4d86-a4fd-2a130944956f""},""application"":{""displayName"":null,""id"":""75f31797-37c9-498e-8dc9-53c16a36afca""}}}}",2026-10-08T07:15:12.5544328Z,b0dde2c9-92a4-4d86-a4fd-2a130944956f,,,2026-10-08T09:36:53.2122006Z,b0dde2c9-92a4-4d86-a4fd-2a130944956f,"{""category6"":true}",False,,0,[],0,[],8584101632329630668P=,,Aisah Abdul Talib,Brandcom Project Management,Email-APAnnouncement,2026-10-08 00:00:00,"=(LEN(PlannerTasks[[#This Row],[ChecklistSummary]])-LEN(SUBSTITUTE(PlannerTasks[[#This Row],[ChecklistSummary]],""""""isChecked"""":true"","""")))/LEN(""""""isChecked"""":true"")","=PlannerTasks[[#This Row],[ChecklistItemCount]]-PlannerTasks[[#This Row],[ChecklistDone]]","=IF(OR(PlannerTasks[[#This Row],[DueDateTime]]="""",PlannerTasks[[#This Row],[PercentComplete]]=100),""No"",IF(DATEVALUE(LEFT(PlannerTasks[[#This Row],[DueDateTime]],10))<TODAY(),""Yes"",""No""))","=IF(PlannerTasks[[#This Row],[IsOverdue]]=""Yes"",TODAY()-DATEVALUE(LEFT(PlannerTasks[[#This Row],[DueDateTime]],10)),0)","=IF(OR(PlannerTasks[[#This Row],[DueDateTime]]="""",PlannerTasks[[#This Row],[PercentComplete]]=100),"""",DATEVALUE(LEFT(PlannerTasks[[#This Row],[DueDateTime]],10))-TODAY())"
2026-10-09T02:23:14.9280044Z,m-P8J6jUH0uQlcbBkMtabGQAIWhk,Update sales PPT - Work Better,XrsNRcj-BUCai1Z8LF5rBWQAFG9L,Gw8d1qlHp0G2XXOqpsiKP2QAPmSt,Done,100,5,Medium,"{""b0dde2c9-92a4-4d86-a4fd-2a130944956f"":{""@odata.type"":""#microsoft.graph.plannerAssignment"",""assignedDateTime"":""2026-10-05T06:48:22.5536718Z"",""orderHint"":""\"""",""assignedBy"":{""user"":{""displayName"":null,""id"":""b0dde2c9-92a4-4d86-a4fd-2a130944956f""},""application"":{""displayName"":null,""id"":""75f31797-37c9-498e-8dc9-53c16a36afca""}}}}",2026-10-05T06:48:22.5537292Z,b0dde2c9-92a4-4d86-a4fd-2a130944956f,,2026-10-07T10:00:00Z,2026-10-08T09:18:04.3979609Z,d8b70168-3e9f-451c-898e-9a1da643aafe,"{""category1"":true}",False,,0,[],0,[],8584104240431303701P9,,Aisah Abdul Talib,Brandcom Project Management,Web-dotcom,2026-10-05 00:00:00,"=(LEN(PlannerTasks[[#This Row],[ChecklistSummary]])-LEN(SUBSTITUTE(PlannerTasks[[#This Row],[ChecklistSummary]],""""""isChecked"""":true"","""")))/LEN(""""""isChecked"""":true"")","=PlannerTasks[[#This Row],[ChecklistItemCount]]-PlannerTasks[[#This Row],[ChecklistDone]]","=IF(OR(PlannerTasks[[#This Row],[DueDateTime]]="""",PlannerTasks[[#This Row],[PercentComplete]]=100),""No"",IF(DATEVALUE(LEFT(PlannerTasks[[#This Row],[DueDateTime]],10))<TODAY(),""Yes"",""No""))","=IF(PlannerTasks[[#This Row],[IsOverdue]]=""Yes"",TODAY()-DATEVALUE(LEFT(PlannerTasks[[#This Row],[DueDateTime]],10)),0)","=IF(OR(PlannerTasks[[#This Row],[DueDateTime]]="""",PlannerTasks[[#This Row],[PercentComplete]]=100),"""",DATEVALUE(LEFT(PlannerTasks[[#This Row],[DueDateTime]],10))-TODAY())"
2026-10-09T02:23:16.9938491Z,gmhykCfrLkuCjABKj2cx4WQAONX5,"Upload translated WorkLife activation assets (CN, JP, KR) to Migration SE Campaign Kit page",XrsNRcj-BUCai1Z8LF5rBWQAFG9L,Gw8d1qlHp0G2XXOqpsiKP2QAPmSt,Done,100,5,Medium,"{""b0dde2c9-92a4-4d86-a4fd-2a130944956f"":{""@odata.type"":""#microsoft.graph.plannerAssignment"",""assignedDateTime"":""2026-09-30T02:45:32.7586426Z"",""orderHint"":""\"""",""assignedBy"":{""user"":{""displayName"":null,""id"":""b0dde2c9-92a4-4d86-a4fd-2a130944956f""},""application"":{""displayName"":null,""id"":""75f31797-37c9-498e-8dc9-53c16a36afca""}}}}",2026-09-30T02:43:49.2006506Z,2de20267-3e34-4f36-80b7-993fc93717da,,2026-10-08T10:00:00Z,2026-10-08T07:54:28.9479716Z,b0dde2c9-92a4-4d86-a4fd-2a130944956f,"{""category1"":true}",True,"Please upload the translated WorkLife activation assets to the Migration SE Campaign Kit page. These assets are in addition to the English assets that are already on the page._x000D_
_x000D_
Assets (one set each for Chinese, Japanese and Korean):_x000D_
_x000D_
- WL A5 postcard: digital copy, print copy, artwork file_x000D_
- WL A3 postcard: digital copy, print copy, artwork file_x000D_
_x000D_
Please also recommend the best layout and placement for this section so that visitors can find it easily._x000D_
[Translations](https://steelcase.sharepoint.com/:f:/r/sites/ONEMARKETINGAPAC/Shared%20Documents/OneMarketing%20Folder/Brand%20Comms/B.%20Projects/Migration%20SE%20Collection/Translations?d=wbd8e9aaf80e545188821cfe2649301c2&amp;csf=1&amp;web=1&amp;e=8f1biz)",0,[],0,[],8584108707163160908P6,,Aisah Abdul Talib,Brandcom Project Management,Web-dotcom,2026-09-30 00:00:00,"=(LEN(PlannerTasks[[#This Row],[ChecklistSummary]])-LEN(SUBSTITUTE(PlannerTasks[[#This Row],[ChecklistSummary]],""""""isChecked"""":true"","""")))/LEN(""""""isChecked"""":true"")","=PlannerTasks[[#This Row],[ChecklistItemCount]]-PlannerTasks[[#This Row],[ChecklistDone]]","=IF(OR(PlannerTasks[[#This Row],[DueDateTime]]="""",PlannerTasks[[#This Row],[PercentComplete]]=100),""No"",IF(DATEVALUE(LEFT(PlannerTasks[[#This Row],[DueDateTime]],10))<TODAY(),""Yes"",""No""))","=IF(PlannerTasks[[#This Row],[IsOverdue]]=""Yes"",TODAY()-DATEVALUE(LEFT(PlannerTasks[[#This Row],[DueDateTime]],10)),0)","=IF(OR(PlannerTasks[[#This Row],[DueDateTime]]="""",PlannerTasks[[#This Row],[PercentComplete]]=100),"""",DATEVALUE(LEFT(PlannerTasks[[#This Row],[DueDateTime]],10))-TODAY())"
2026-10-09T02:23:19.0243659Z,BqmHqCbGCEG7edCXES4G-WQAEbIG,Create Segments for Learning on Hubspot for nurture series,XrsNRcj-BUCai1Z8LF5rBWQAFG9L,Gw8d1qlHp0G2XXOqpsiKP2QAPmSt,Done,100,5,Medium,"{""d8b70168-3e9f-451c-898e-9a1da643aafe"":{""@odata.type"":""#microsoft.graph.plannerAssignment"",""assignedDateTime"":""2026-10-07T06:50:37.1677161Z"",""orderHint"":""\"""",""assignedBy"":{""user"":{""displayName"":null,""id"":""d8b70168-3e9f-451c-898e-9a1da643aafe""},""application"":{""displayName"":null,""id"":""75f31797-37c9-498e-8dc9-53c16a36afca""}}}}",2026-10-07T06:11:06.6565071Z,d8b70168-3e9f-451c-898e-9a1da643aafe,,,2026-10-08T07:26:58.8630076Z,d8b70168-3e9f-451c-898e-9a1da643aafe,"{""category10"":true}",False,,0,[],0,[],8584102534789372856P8,,Rebecca Teo,Brandcom Project Management,Hubspot,2026-10-07 00:00:00,"=(LEN(PlannerTasks[[#This Row],[ChecklistSummary]])-LEN(SUBSTITUTE(PlannerTasks[[#This Row],[ChecklistSummary]],""""""isChecked"""":true"","""")))/LEN(""""""isChecked"""":true"")","=PlannerTasks[[#This Row],[ChecklistItemCount]]-PlannerTasks[[#This Row],[ChecklistDone]]","=IF(OR(PlannerTasks[[#This Row],[DueDateTime]]="""",PlannerTasks[[#This Row],[PercentComplete]]=100),""No"",IF(DATEVALUE(LEFT(PlannerTasks[[#This Row],[DueDateTime]],10))<TODAY(),""Yes"",""No""))","=IF(PlannerTasks[[#This Row],[IsOverdue]]=""Yes"",TODAY()-DATEVALUE(LEFT(PlannerTasks[[#This Row],[DueDateTime]],10)),0)","=IF(OR(PlannerTasks[[#This Row],[DueDateTime]]="""",PlannerTasks[[#This Row],[PercentComplete]]=100),"""",DATEVALUE(LEFT(PlannerTasks[[#This Row],[DueDateTime]],10))-TODAY())"
2026-10-09T02:23:21.1989545Z,IZ7DX3qlUU-4VxFrAZfMTWQAFsR7,QR Code - Gesture and High Performance Seating Resources,XrsNRcj-BUCai1Z8LF5rBWQAFG9L,Gw8d1qlHp0G2XXOqpsiKP2QAPmSt,Done,100,1,Urgent,"{""b0dde2c9-92a4-4d86-a4fd-2a130944956f"":{""@odata.type"":""#microsoft.graph.plannerAssignment"",""assignedDateTime"":""2026-10-05T09:05:55.100517Z"",""orderHint"":""\"""",""assignedBy"":{""user"":{""displayName"":null,""id"":""4bbc4332-9298-408c-a956-8712ef3a21cc""},""application"":{""displayName"":null,""id"":""75f31797-37c9-498e-8dc9-53c16a36afca""}}}}",2026-10-05T09:05:55.1005772Z,4bbc4332-9298-408c-a956-8712ef3a21cc,,2026-10-08T10:00:00Z,2026-10-08T07:22:40.7015408Z,b0dde2c9-92a4-4d86-a4fd-2a130944956f,"{""category15"":true}",True,Create for Dealer Conference.,0,[],0,[],8584104157904163031PD,,Aisah Abdul Talib,Brandcom Project Management,Others,2026-10-05 00:00:00,"=(LEN(PlannerTasks[[#This Row],[ChecklistSummary]])-LEN(SUBSTITUTE(PlannerTasks[[#This Row],[ChecklistSummary]],""""""isChecked"""":true"","""")))/LEN(""""""isChecked"""":true"")","=PlannerTasks[[#This Row],[ChecklistItemCount]]-PlannerTasks[[#This Row],[ChecklistDone]]","=IF(OR(PlannerTasks[[#This Row],[DueDateTime]]="""",PlannerTasks[[#This Row],[PercentComplete]]=100),""No"",IF(DATEVALUE(LEFT(PlannerTasks[[#This Row],[DueDateTime]],10))<TODAY(),""Yes"",""No""))","=IF(PlannerTasks[[#This Row],[IsOverdue]]=""Yes"",TODAY()-DATEVALUE(LEFT(PlannerTasks[[#This Row],[DueDateTime]],10)),0)","=IF(OR(PlannerTasks[[#This Row],[DueDateTime]]="""",PlannerTasks[[#This Row],[PercentComplete]]=100),"""",DATEVALUE(LEFT(PlannerTasks[[#This Row],[DueDateTime]],10))-TODAY())"
2026-10-09T02:23:23.4992603Z,waYst9GvmEmtvfQkkSQP6WQANpWq,Schedule social posting for the week,XrsNRcj-BUCai1Z8LF5rBWQAFG9L,Gw8d1qlHp0G2XXOqpsiKP2QAPmSt,Done,100,5,Medium,"{""d8b70168-3e9f-451c-898e-9a1da643aafe"":{""@odata.type"":""#microsoft.graph.plannerAssignment"",""assignedDateTime"":""2026-10-07T02:55:28.1853473Z"",""orderHint"":""\"""",""assignedBy"":{""user"":{""displayName"":null,""id"":""d8b70168-3e9f-451c-898e-9a1da643aafe""},""application"":{""displayName"":null,""id"":""75f31797-37c9-498e-8dc9-53c16a36afca""}}}}",2026-10-07T02:55:28.1854067Z,d8b70168-3e9f-451c-898e-9a1da643aafe,,,2026-10-08T06:11:31.8362282Z,d8b70168-3e9f-451c-898e-9a1da643aafe,"{""category4"":true}",False,,0,[],0,[],8584102652174433955P>,,Rebecca Teo,Brandcom Project Management,SM-Post,2026-10-07 00:00:00,"=(LEN(PlannerTasks[[#This Row],[ChecklistSummary]])-LEN(SUBSTITUTE(PlannerTasks[[#This Row],[ChecklistSummary]],""""""isChecked"""":true"","""")))/LEN(""""""isChecked"""":true"")","=PlannerTasks[[#This Row],[ChecklistItemCount]]-PlannerTasks[[#This Row],[ChecklistDone]]","=IF(OR(PlannerTasks[[#This Row],[DueDateTime]]="""",PlannerTasks[[#This Row],[PercentComplete]]=100),""No"",IF(DATEVALUE(LEFT(PlannerTasks[[#This Row],[DueDateTime]],10))<TODAY(),""Yes"",""No""))","=IF(PlannerTasks[[#This Row],[IsOverdue]]=""Yes"",TODAY()-DATEVALUE(LEFT(PlannerTasks[[#This Row],[DueDateTime]],10)),0)","=IF(OR(PlannerTasks[[#This Row],[DueDateTime]]="""",PlannerTasks[[#This Row],[PercentComplete]]=100),"""",DATEVALUE(LEFT(PlannerTasks[[#This Row],[DueDateTime]],10))-TODAY())"
2026-10-09T02:23:26.0364627Z,u734iKBrHEyIRSoQv53MHWQAMxcE,Impact Report 2026 Web Updates,XrsNRcj-BUCai1Z8LF5rBWQAFG9L,Gw8d1qlHp0G2XXOqpsiKP2QAPmSt,Done,100,5,Medium,"{""b0dde2c9-92a4-4d86-a4fd-2a130944956f"":{""@odata.type"":""#microsoft.graph.plannerAssignment"",""assignedDateTime"":""2026-10-07T08:09:07.6389932Z"",""orderHint"":""\"""",""assignedBy"":{""user"":{""displayName"":null,""id"":""b0dde2c9-92a4-4d86-a4fd-2a130944956f""},""application"":{""displayName"":null,""id"":""75f31797-37c9-498e-8dc9-53c16a36afca""}}}}",2026-10-07T08:08:56.6959243Z,b0dde2c9-92a4-4d86-a4fd-2a130944956f,,2026-10-08T10:00:00Z,2026-10-08T00:31:30.3450896Z,b0dde2c9-92a4-4d86-a4fd-2a130944956f,"{""category1"":true}",True,[https://steelcase.sharepoint.com/:w:/s/PeoplePlanetComms/IQBN1yVofBE2RLmPJWZI9LYEAbIl-3mqxuI-fghldpCxteY?e=6RiXel&CID=11BF6799-25B4-DA42-99F8-48C46EF940F3](https://steelcase.sharepoint.com/:w:/s/PeoplePlanetComms/IQBN1yVofBE2RLmPJWZI9LYEAbIl-3mqxuI-fghldpCxteY?e=6RiXel&amp;CID=11BF6799-25B4-DA42-99F8-48C46EF940F3),9,"[{""id"":""d2cdc45903a840e0b2ef570a3704b650"",""value"":{""@odata.type"":""#microsoft.graph.plannerChecklistItem"",""isChecked"":true,""title"":""Update FOSTER INCLUSION"",""orderHint"":""858410234:H"",""lastModifiedDateTime"":""2026-10-08T00:25:54.0143162Z"",""lastModifiedBy"":{""user"":{""displayName"":null,""id"":""b0dde2c9-92a4-4d86-a4fd-2a130944956f""}}}},{""id"":""17e97520f28b46149c26465bc3b25432"",""value"":{""@odata.type"":""#microsoft.graph.plannerChecklistItem"",""isChecked"":true,""title"":""Update REDUCE OUR CARBON FOOTPRINT"",""orderHint"":""858410234JH"",""lastModifiedDateTime"":""2026-10-08T00:14:39.886343Z"",""lastModifiedBy"":{""user"":{""displayName"":null,""id"":""b0dde2c9-92a4-4d86-a4fd-2a130944956f""}}}},{""id"":""a710108b69054f8ca8091b519301fe6d"",""value"":{""@odata.type"":""#microsoft.graph.plannerChecklistItem"",""isChecked"":true,""title"":""Update DESIGN FOR CIRCULARITY"",""orderHint"":""858410234A$"",""lastModifiedDateTime"":""2026-10-08T00:20:15.742809Z"",""lastModifiedBy"":{""user"":{""displayName"":null,""id"":""b0dde2c9-92a4-4d86-a4fd-2a130944956f""}}}},{""id"":""58c840e8e0e4440a96983c529a4be6f2"",""value"":{""@odata.type"":""#microsoft.graph.plannerChecklistItem"",""isChecked"":true,""title"":""Update SUSTAINABLE PRODUCTS"",""orderHint"":""8584102348\\@"",""lastModifiedDateTime"":""2026-10-08T00:31:23.655257Z"",""lastModifiedBy"":{""user"":{""displayName"":null,""id"":""b0dde2c9-92a4-4d86-a4fd-2a130944956f""}}}},{""id"":""f72498ab8e0045b0b0be5807d7d97653"",""value"":{""@odata.type"":""#microsoft.graph.plannerChecklistItem"",""isChecked"":true,""title"":""Update CHOOSE + USE MATERIALS RESPONSIBLY"",""orderHint"":""858410234=4"",""lastModifiedDateTime"":""2026-10-08T00:21:48.0836045Z"",""lastModifiedBy"":{""user"":{""displayName"":null,""id"":""b0dde2c9-92a4-4d86-a4fd-2a130944956f""}}}},{""id"":""30747d782e8d4d7b8ba9a48f753fcdb7"",""value"":{""@odata.type"":""#microsoft.graph.plannerChecklistItem"",""isChecked"":true,""title"":""Update Data Center"",""orderHint"":""8584102350620201919P;"",""lastModifiedDateTime"":""2026-10-08T00:07:52.9280072Z"",""lastModifiedBy"":{""user"":{""displayName"":null,""id"":""b0dde2c9-92a4-4d86-a4fd-2a130944956f""}}}},{""id"":""6597ec97ea5a4b81a7ed0222d74795d5"",""value"":{""@odata.type"":""#microsoft.graph.plannerChecklistItem"",""isChecked"":true,""title"":""Update ACT WITH INTEGRITY"",""orderHint"":""8584102349XC"",""lastModifiedDateTime"":""2026-10-08T00:29:43.8486971Z"",""lastModifiedBy"":{""user"":{""displayName"":null,""id"":""b0dde2c9-92a4-4d86-a4fd-2a130944956f""}}}},{""id"":""49555beedd27485796a209a3393a6753"",""value"":{""@odata.type"":""#microsoft.graph.plannerChecklistItem"",""isChecked"":true,""title"":""Update PEOPLE + PLANET LANDER"",""orderHint"":""858410234\\L"",""lastModifiedDateTime"":""2026-10-08T00:11:01.3336637Z"",""lastModifiedBy"":{""user"":{""displayName"":null,""id"":""b0dde2c9-92a4-4d86-a4fd-2a130944956f""}}}},{""id"":""8df925da8bdf4886b8d7814cd4807d36"",""value"":{""@odata.type"":""#microsoft.graph.plannerChecklistItem"",""isChecked"":true,""title"":""Update HELPS COMMUNITIES THRIVE"",""orderHint"":""858410234;F"",""lastModifiedDateTime"":""2026-10-08T00:24:13.6491606Z"",""lastModifiedBy"":{""user"":{""displayName"":null,""id"":""b0dde2c9-92a4-4d86-a4fd-2a130944956f""}}}}]",0,[],8584102464088232931PO,,Aisah Abdul Talib,Brandcom Project Management,Web-dotcom,2026-10-07 00:00:00,"=(LEN(PlannerTasks[[#This Row],[ChecklistSummary]])-LEN(SUBSTITUTE(PlannerTasks[[#This Row],[ChecklistSummary]],""""""isChecked"""":true"","""")))/LEN(""""""isChecked"""":true"")","=PlannerTasks[[#This Row],[ChecklistItemCount]]-PlannerTasks[[#This Row],[ChecklistDone]]","=IF(OR(PlannerTasks[[#This Row],[DueDateTime]]="""",PlannerTasks[[#This Row],[PercentComplete]]=100),""No"",IF(DATEVALUE(LEFT(PlannerTasks[[#This Row],[DueDateTime]],10))<TODAY(),""Yes"",""No""))","=IF(PlannerTasks[[#This Row],[IsOverdue]]=""Yes"",TODAY()-DATEVALUE(LEFT(PlannerTasks[[#This Row],[DueDateTime]],10)),0)","=IF(OR(PlannerTasks[[#This Row],[DueDateTime]]="""",PlannerTasks[[#This Row],[PercentComplete]]=100),"""",DATEVALUE(LEFT(PlannerTasks[[#This Row],[DueDateTime]],10))-TODAY())"
2026-10-09T02:23:28.8562258Z,7xL5TnIKu0uCoSnHC1ahkmQAOowe,India BIS Announcement,XrsNRcj-BUCai1Z8LF5rBWQAFG9L,Gw8d1qlHp0G2XXOqpsiKP2QAPmSt,Done,100,1,Urgent,"{""b0dde2c9-92a4-4d86-a4fd-2a130944956f"":{""@odata.type"":""#microsoft.graph.plannerAssignment"",""assignedDateTime"":""2026-10-07T13:05:32.4909179Z"",""orderHint"":""\"""",""assignedBy"":{""user"":{""displayName"":null,""id"":""b0dde2c9-92a4-4d86-a4fd-2a130944956f""},""application"":{""displayName"":null,""id"":""75f31797-37c9-498e-8dc9-53c16a36afca""}}}}",2026-10-07T13:05:32.4909812Z,b0dde2c9-92a4-4d86-a4fd-2a130944956f,,2026-10-07T10:00:00Z,2026-10-07T13:05:44.7783651Z,b0dde2c9-92a4-4d86-a4fd-2a130944956f,{},False,,0,[],0,[],8584102286131730573P2,,Aisah Abdul Talib,Brandcom Project Management,,2026-10-07 00:00:00,"=(LEN(PlannerTasks[[#This Row],[ChecklistSummary]])-LEN(SUBSTITUTE(PlannerTasks[[#This Row],[ChecklistSummary]],""""""isChecked"""":true"","""")))/LEN(""""""isChecked"""":true"")","=PlannerTasks[[#This Row],[ChecklistItemCount]]-PlannerTasks[[#This Row],[ChecklistDone]]","=IF(OR(PlannerTasks[[#This Row],[DueDateTime]]="""",PlannerTasks[[#This Row],[PercentComplete]]=100),""No"",IF(DATEVALUE(LEFT(PlannerTasks[[#This Row],[DueDateTime]],10))<TODAY(),""Yes"",""No""))","=IF(PlannerTasks[[#This Row],[IsOverdue]]=""Yes"",TODAY()-DATEVALUE(LEFT(PlannerTasks[[#This Row],[DueDateTime]],10)),0)","=IF(OR(PlannerTasks[[#This Row],[DueDateTime]]="""",PlannerTasks[[#This Row],[PercentComplete]]=100),"""",DATEVALUE(LEFT(PlannerTasks[[#This Row],[DueDateTime]],10))-TODAY())"
2026-10-09T02:23:31.4269030Z,5ftjnlh23UyiWayOpSDgUmQADNWi,Dealer Conference Email,XrsNRcj-BUCai1Z8LF5rBWQAFG9L,Gw8d1qlHp0G2XXOqpsiKP2QAPmSt,Done,100,5,Medium,"{""b0dde2c9-92a4-4d86-a4fd-2a130944956f"":{""@odata.type"":""#microsoft.graph.plannerAssignment"",""assignedDateTime"":""2026-10-07T02:21:23.7351938Z"",""orderHint"":""\"""",""assignedBy"":{""user"":{""displayName"":null,""id"":""b0dde2c9-92a4-4d86-a4fd-2a130944956f""},""application"":{""displayName"":null,""id"":""75f31797-37c9-498e-8dc9-53c16a36afca""}}}}",2026-10-07T02:21:23.735255Z,b0dde2c9-92a4-4d86-a4fd-2a130944956f,,2026-10-07T10:00:00Z,2026-10-07T05:00:10.2929566Z,b0dde2c9-92a4-4d86-a4fd-2a130944956f,"{""category6"":true}",False,,0,[],0,[],8584102672619284044P:,,Aisah Abdul Talib,Brandcom Project Management,Email-APAnnouncement,2026-10-07 00:00:00,"=(LEN(PlannerTasks[[#This Row],[ChecklistSummary]])-LEN(SUBSTITUTE(PlannerTasks[[#This Row],[ChecklistSummary]],""""""isChecked"""":true"","""")))/LEN(""""""isChecked"""":true"")","=PlannerTasks[[#This Row],[ChecklistItemCount]]-PlannerTasks[[#This Row],[ChecklistDone]]","=IF(OR(PlannerTasks[[#This Row],[DueDateTime]]="""",PlannerTasks[[#This Row],[PercentComplete]]=100),""No"",IF(DATEVALUE(LEFT(PlannerTasks[[#This Row],[DueDateTime]],10))<TODAY(),""Yes"",""No""))","=IF(PlannerTasks[[#This Row],[IsOverdue]]=""Yes"",TODAY()-DATEVALUE(LEFT(PlannerTasks[[#This Row],[DueDateTime]],10)),0)","=IF(OR(PlannerTasks[[#This Row],[DueDateTime]]="""",PlannerTasks[[#This Row],[PercentComplete]]=100),"""",DATEVALUE(LEFT(PlannerTasks[[#This Row],[DueDateTime]],10))-TODAY())"
2026-10-09T02:23:33.6386020Z,8T2xCHtA9ES2m7m0VQiEU2QADfNj,"Product page data Aug–Sep 2026 – MSE, Karman, Be My Guest, HPS",XrsNRcj-BUCai1Z8LF5rBWQAFG9L,Gw8d1qlHp0G2XXOqpsiKP2QAPmSt,Done,100,1,Urgent,"{""b0dde2c9-92a4-4d86-a4fd-2a130944956f"":{""@odata.type"":""#microsoft.graph.plannerAssignment"",""assignedDateTime"":""2026-10-05T01:12:48.3867562Z"",""orderHint"":""\"""",""assignedBy"":{""user"":{""displayName"":null,""id"":""b0dde2c9-92a4-4d86-a4fd-2a130944956f""},""application"":{""displayName"":null,""id"":""75f31797-37c9-498e-8dc9-53c16a36afca""}}}}",2026-10-05T01:01:05.2320612Z,2de20267-3e34-4f36-80b7-993fc93717da,,2026-10-06T10:00:00Z,2026-10-06T08:16:46.063556Z,b0dde2c9-92a4-4d86-a4fd-2a130944956f,"{""category13"":true}",True,"Hi team,_x000D_
_x000D_
Please pull the data below for August and September 2026 for these products:_x000D_
- Migration SE Collection_x000D_
- Steelcase Karman_x000D_
- Be My Guest_x000D_
-HPS_x000D_
_x000D_
Data needed:_x000D_
- Page views (internal sales vs external)_x000D_
- Page unique visitors_x000D_
- A&D file downloads (internal vs external)_x000D_
- Brochure downloads (internal vs external)_x000D_
- One pager downloads_x000D_
- Sales presentation downloads_x000D_
- Image downloads_x000D_
- Campaign kit views (internal vs dealers)_x000D_
- Campaign kit downloads (internal vs dealers)_x000D_
_x000D_
I highlighted the table in the excel for reference. Appreciate if you can share it by tomorrow, Tuesday 6 October?_x000D_
[Collaterals analysis.xlsx](https://steelcase.sharepoint.com/:x:/r/sites/ONEMARKETINGAPAC/Shared%20Documents/OneMarketing%20Folder/Brand%20Comms/A.%20Launch/1.%20Content%20%26%20Creative/Brochures%20and%20Documents/Collaterals%20analysis.xlsx?d=w13afcf58cc5047f2a82c8554d8cf88a3&amp;csf=1&amp;web=1&amp;e=zDMN4o)",0,[],0,[],"8584104448804073189P,",,Aisah Abdul Talib,Brandcom Project Management,Report,2026-10-05 00:00:00,"=(LEN(PlannerTasks[[#This Row],[ChecklistSummary]])-LEN(SUBSTITUTE(PlannerTasks[[#This Row],[ChecklistSummary]],""""""isChecked"""":true"","""")))/LEN(""""""isChecked"""":true"")","=PlannerTasks[[#This Row],[ChecklistItemCount]]-PlannerTasks[[#This Row],[ChecklistDone]]","=IF(OR(PlannerTasks[[#This Row],[DueDateTime]]="""",PlannerTasks[[#This Row],[PercentComplete]]=100),""No"",IF(DATEVALUE(LEFT(PlannerTasks[[#This Row],[DueDateTime]],10))<TODAY(),""Yes"",""No""))","=IF(PlannerTasks[[#This Row],[IsOverdue]]=""Yes"",TODAY()-DATEVALUE(LEFT(PlannerTasks[[#This Row],[DueDateTime]],10)),0)","=IF(OR(PlannerTasks[[#This Row],[DueDateTime]]="""",PlannerTasks[[#This Row],[PercentComplete]]=100),"""",DATEVALUE(LEFT(PlannerTasks[[#This Row],[DueDateTime]],10))-TODAY())"
2026-10-09T02:23:35.9619569Z,pDG3Z3mAQEunRpbulbkaMWQAD_gX,Updating EDM data August & September,XrsNRcj-BUCai1Z8LF5rBWQAFG9L,Gw8d1qlHp0G2XXOqpsiKP2QAPmSt,Done,100,5,Medium,"{""d8b70168-3e9f-451c-898e-9a1da643aafe"":{""@odata.type"":""#microsoft.graph.plannerAssignment"",""assignedDateTime"":""2026-10-06T06:28:35.1752974Z"",""orderHint"":""\"""",""assignedBy"":{""user"":{""displayName"":null,""id"":""d8b70168-3e9f-451c-898e-9a1da643aafe""},""application"":{""displayName"":null,""id"":""75f31797-37c9-498e-8dc9-53c16a36afca""}}}}",2026-10-06T06:28:35.175355Z,d8b70168-3e9f-451c-898e-9a1da643aafe,,,2026-10-06T07:13:08.0150632Z,d8b70168-3e9f-451c-898e-9a1da643aafe,{},False,,0,[],0,[],8584103388303990653P=,,Rebecca Teo,Brandcom Project Management,,2026-10-06 00:00:00,"=(LEN(PlannerTasks[[#This Row],[ChecklistSummary]])-LEN(SUBSTITUTE(PlannerTasks[[#This Row],[ChecklistSummary]],""""""isChecked"""":true"","""")))/LEN(""""""isChecked"""":true"")","=PlannerTasks[[#This Row],[ChecklistItemCount]]-PlannerTasks[[#This Row],[ChecklistDone]]","=IF(OR(PlannerTasks[[#This Row],[DueDateTime]]="""",PlannerTasks[[#This Row],[PercentComplete]]=100),""No"",IF(DATEVALUE(LEFT(PlannerTasks[[#This Row],[DueDateTime]],10))<TODAY(),""Yes"",""No""))","=IF(PlannerTasks[[#This Row],[IsOverdue]]=""Yes"",TODAY()-DATEVALUE(LEFT(PlannerTasks[[#This Row],[DueDateTime]],10)),0)","=IF(OR(PlannerTasks[[#This Row],[DueDateTime]]="""",PlannerTasks[[#This Row],[PercentComplete]]=100),"""",DATEVALUE(LEFT(PlannerTasks[[#This Row],[DueDateTime]],10))-TODAY())"
2026-10-09T02:23:38.0703881Z,qjbQqFW3rkqU_Y71aNLN0GQAMpk1,Revise Media Plan,XrsNRcj-BUCai1Z8LF5rBWQAFG9L,Gw8d1qlHp0G2XXOqpsiKP2QAPmSt,Done,100,5,Medium,"{""d8b70168-3e9f-451c-898e-9a1da643aafe"":{""@odata.type"":""#microsoft.graph.plannerAssignment"",""assignedDateTime"":""2026-09-30T02:20:25.2698821Z"",""orderHint"":""\"""",""assignedBy"":{""user"":{""displayName"":null,""id"":""d8b70168-3e9f-451c-898e-9a1da643aafe""},""application"":{""displayName"":null,""id"":""75f31797-37c9-498e-8dc9-53c16a36afca""}}}}",2026-09-30T02:20:25.2699371Z,d8b70168-3e9f-451c-898e-9a1da643aafe,,,2026-10-06T06:28:05.1626972Z,d8b70168-3e9f-451c-898e-9a1da643aafe,{},False,,0,[],0,[],8584108721202674786PE,,Rebecca Teo,Brandcom Project Management,,2026-09-30 00:00:00,"=(LEN(PlannerTasks[[#This Row],[ChecklistSummary]])-LEN(SUBSTITUTE(PlannerTasks[[#This Row],[ChecklistSummary]],""""""isChecked"""":true"","""")))/LEN(""""""isChecked"""":true"")","=PlannerTasks[[#This Row],[ChecklistItemCount]]-PlannerTasks[[#This Row],[ChecklistDone]]","=IF(OR(PlannerTasks[[#This Row],[DueDateTime]]="""",PlannerTasks[[#This Row],[PercentComplete]]=100),""No"",IF(DATEVALUE(LEFT(PlannerTasks[[#This Row],[DueDateTime]],10))<TODAY(),""Yes"",""No""))","=IF(PlannerTasks[[#This Row],[IsOverdue]]=""Yes"",TODAY()-DATEVALUE(LEFT(PlannerTasks[[#This Row],[DueDateTime]],10)),0)","=IF(OR(PlannerTasks[[#This Row],[DueDateTime]]="""",PlannerTasks[[#This Row],[PercentComplete]]=100),"""",DATEVALUE(LEFT(PlannerTasks[[#This Row],[DueDateTime]],10))-TODAY())"
2026-10-09T02:23:48.3953996Z,PuPnGUyE_06atzpo7qV2OGQAIMAJ,Provide ad targetings to Adi in Excel,XrsNRcj-BUCai1Z8LF5rBWQAFG9L,Gw8d1qlHp0G2XXOqpsiKP2QAPmSt,Done,100,5,Medium,"{""d8b70168-3e9f-451c-898e-9a1da643aafe"":{""@odata.type"":""#microsoft.graph.plannerAssignment"",""assignedDateTime"":""2026-10-06T03:10:17.2468137Z"",""orderHint"":""\"""",""assignedBy"":{""user"":{""displayName"":null,""id"":""d8b70168-3e9f-451c-898e-9a1da643aafe""},""application"":{""displayName"":null,""id"":""75f31797-37c9-498e-8dc9-53c16a36afca""}}}}",2026-10-06T03:10:17.2469122Z,d8b70168-3e9f-451c-898e-9a1da643aafe,,2026-10-06T10:00:00Z,2026-10-06T06:21:08.7257381Z,d8b70168-3e9f-451c-898e-9a1da643aafe,{},False,,0,[],0,[],8584103507284463031P(,,Rebecca Teo,Brandcom Project Management,,2026-10-06 00:00:00,"=(LEN(PlannerTasks[[#This Row],[ChecklistSummary]])-LEN(SUBSTITUTE(PlannerTasks[[#This Row],[ChecklistSummary]],""""""isChecked"""":true"","""")))/LEN(""""""isChecked"""":true"")","=PlannerTasks[[#This Row],[ChecklistItemCount]]-PlannerTasks[[#This Row],[ChecklistDone]]","=IF(OR(PlannerTasks[[#This Row],[DueDateTime]]="""",PlannerTasks[[#This Row],[PercentComplete]]=100),""No"",IF(DATEVALUE(LEFT(PlannerTasks[[#This Row],[DueDateTime]],10))<TODAY(),""Yes"",""No""))","=IF(PlannerTasks[[#This Row],[IsOverdue]]=""Yes"",TODAY()-DATEVALUE(LEFT(PlannerTasks[[#This Row],[DueDateTime]],10)),0)","=IF(OR(PlannerTasks[[#This Row],[DueDateTime]]="""",PlannerTasks[[#This Row],[PercentComplete]]=100),"""",DATEVALUE(LEFT(PlannerTasks[[#This Row],[DueDateTime]],10))-TODAY())"
2026-10-09T02:23:50.6208602Z,YeY3NDAxIUOwj1HyC1VzpGQAE0Bo,Monthly Update Lead Times Effective Period and Steelcase Manufacturing Plants Closure,XrsNRcj-BUCai1Z8LF5rBWQAFG9L,Gw8d1qlHp0G2XXOqpsiKP2QAPmSt,Done,100,5,Medium,"{""b0dde2c9-92a4-4d86-a4fd-2a130944956f"":{""@odata.type"":""#microsoft.graph.plannerAssignment"",""assignedDateTime"":""2026-10-08T13:12:48.6716689Z"",""orderHint"":""\"""",""assignedBy"":{""user"":{""displayName"":null,""id"":""129b8133-2f40-46f4-8391-49fec10f3174""},""application"":{""displayName"":null,""id"":""75f31797-37c9-498e-8dc9-53c16a36afca""}}}}",2026-10-05T06:15:20.2019311Z,129b8133-2f40-46f4-8391-49fec10f3174,,2026-10-05T00:00:00Z,2026-10-06T02:36:33.1252795Z,b0dde2c9-92a4-4d86-a4fd-2a130944956f,"{""category1"":true}",True,"Requester Name: Lim Wen Yi | Requester Email:  Task Description: Monthly Update Lead Times Effective Period and Steelcase Manufacturing Plants Closure_x000D_
_x000D_
Copy writing: Minor webpage text update_x000D_
_x000D_
Digital Marketing Request Expectations: _x000D_
_x000D_
Reference materials or links: Example: https://sharing.clickup.com/14360166/v/5-90149946848-1/t/h/86bbuvqdg/85685bffdf31de9_x000D_
_x000D_
Request Details: _x000D_
_x000D_
Timeline & Priority:",0,[],0,[],8.58410425965275e+18,,Aisah Abdul Talib,Brandcom Project Management,Web-dotcom,2026-10-08 00:00:00,"=(LEN(PlannerTasks[[#This Row],[ChecklistSummary]])-LEN(SUBSTITUTE(PlannerTasks[[#This Row],[ChecklistSummary]],""""""isChecked"""":true"","""")))/LEN(""""""isChecked"""":true"")","=PlannerTasks[[#This Row],[ChecklistItemCount]]-PlannerTasks[[#This Row],[ChecklistDone]]","=IF(OR(PlannerTasks[[#This Row],[DueDateTime]]="""",PlannerTasks[[#This Row],[PercentComplete]]=100),""No"",IF(DATEVALUE(LEFT(PlannerTasks[[#This Row],[DueDateTime]],10))<TODAY(),""Yes"",""No""))","=IF(PlannerTasks[[#This Row],[IsOverdue]]=""Yes"",TODAY()-DATEVALUE(LEFT(PlannerTasks[[#This Row],[DueDateTime]],10)),0)","=IF(OR(PlannerTasks[[#This Row],[DueDateTime]]="""",PlannerTasks[[#This Row],[PercentComplete]]=100),"""",DATEVALUE(LEFT(PlannerTasks[[#This Row],[DueDateTime]],10))-TODAY())"
2026-10-09T02:23:52.5640157Z,ype12aslxkiLzsDC8N4tLmQAGSij,Monthly Update Lead Times Effective Period and Steelcase Manufacturing Plants Closure,XrsNRcj-BUCai1Z8LF5rBWQAFG9L,Gw8d1qlHp0G2XXOqpsiKP2QAPmSt,Done,100,5,Medium,"{""b0dde2c9-92a4-4d86-a4fd-2a130944956f"":{""@odata.type"":""#microsoft.graph.plannerAssignment"",""assignedDateTime"":""2026-10-08T13:12:01.767759Z"",""orderHint"":""\"""",""assignedBy"":{""user"":{""displayName"":null,""id"":""129b8133-2f40-46f4-8391-49fec10f3174""},""application"":{""displayName"":null,""id"":""75f31797-37c9-498e-8dc9-53c16a36afca""}}}}",2026-10-05T06:25:08.5957297Z,129b8133-2f40-46f4-8391-49fec10f3174,,2026-10-05T00:00:00Z,2026-10-06T02:35:33.4905817Z,b0dde2c9-92a4-4d86-a4fd-2a130944956f,"{""category1"":true}",True,"Requester Name: Lim Wen Yi | Requester Email:  Task Description: Monthly Update Lead Times Effective Period and Steelcase Manufacturing Plants Closure_x000D_
_x000D_
Copy writing: Minor webpage text update_x000D_
_x000D_
Digital Marketing Request Expectations: _x000D_
_x000D_
Reference materials or links: Example: https://sharing.clickup.com/14360166/v/5-90149946848-1/t/h/86bccw6e6/85685bffdf31de9_x000D_
_x000D_
Request Details: _x000D_
_x000D_
Timeline & Priority:",0,[],0,[],8.58410425376881e+18,,Aisah Abdul Talib,Brandcom Project Management,Web-dotcom,2026-10-08 00:00:00,"=(LEN(PlannerTasks[[#This Row],[ChecklistSummary]])-LEN(SUBSTITUTE(PlannerTasks[[#This Row],[ChecklistSummary]],""""""isChecked"""":true"","""")))/LEN(""""""isChecked"""":true"")","=PlannerTasks[[#This Row],[ChecklistItemCount]]-PlannerTasks[[#This Row],[ChecklistDone]]","=IF(OR(PlannerTasks[[#This Row],[DueDateTime]]="""",PlannerTasks[[#This Row],[PercentComplete]]=100),""No"",IF(DATEVALUE(LEFT(PlannerTasks[[#This Row],[DueDateTime]],10))<TODAY(),""Yes"",""No""))","=IF(PlannerTasks[[#This Row],[IsOverdue]]=""Yes"",TODAY()-DATEVALUE(LEFT(PlannerTasks[[#This Row],[DueDateTime]],10)),0)","=IF(OR(PlannerTasks[[#This Row],[DueDateTime]]="""",PlannerTasks[[#This Row],[PercentComplete]]=100),"""",DATEVALUE(LEFT(PlannerTasks[[#This Row],[DueDateTime]],10))-TODAY())"
2026-10-09T02:23:54.9428743Z,HrtdnEzxQEKAcc3pzkqMNWQAGAjq,Tanya Announcement,XrsNRcj-BUCai1Z8LF5rBWQAFG9L,Gw8d1qlHp0G2XXOqpsiKP2QAPmSt,Done,100,5,Medium,"{""b0dde2c9-92a4-4d86-a4fd-2a130944956f"":{""@odata.type"":""#microsoft.graph.plannerAssignment"",""assignedDateTime"":""2026-10-05T06:06:24.0893052Z"",""orderHint"":""\"""",""assignedBy"":{""user"":{""displayName"":null,""id"":""b0dde2c9-92a4-4d86-a4fd-2a130944956f""},""application"":{""displayName"":null,""id"":""75f31797-37c9-498e-8dc9-53c16a36afca""}}}}",2026-10-05T06:06:24.0893788Z,b0dde2c9-92a4-4d86-a4fd-2a130944956f,,2026-10-05T10:00:00Z,2026-10-06T01:13:20.4344269Z,b0dde2c9-92a4-4d86-a4fd-2a130944956f,"{""category6"":true}",False,,0,[],0,[],8584104265615655243P5,,Aisah Abdul Talib,Brandcom Project Management,Email-APAnnouncement,2026-10-05 00:00:00,"=(LEN(PlannerTasks[[#This Row],[ChecklistSummary]])-LEN(SUBSTITUTE(PlannerTasks[[#This Row],[ChecklistSummary]],""""""isChecked"""":true"","""")))/LEN(""""""isChecked"""":true"")","=PlannerTasks[[#This Row],[ChecklistItemCount]]-PlannerTasks[[#This Row],[ChecklistDone]]","=IF(OR(PlannerTasks[[#This Row],[DueDateTime]]="""",PlannerTasks[[#This Row],[PercentComplete]]=100),""No"",IF(DATEVALUE(LEFT(PlannerTasks[[#This Row],[DueDateTime]],10))<TODAY(),""Yes"",""No""))","=IF(PlannerTasks[[#This Row],[IsOverdue]]=""Yes"",TODAY()-DATEVALUE(LEFT(PlannerTasks[[#This Row],[DueDateTime]],10)),0)","=IF(OR(PlannerTasks[[#This Row],[DueDateTime]]="""",PlannerTasks[[#This Row],[PercentComplete]]=100),"""",DATEVALUE(LEFT(PlannerTasks[[#This Row],[DueDateTime]],10))-TODAY())"
2026-10-09T02:23:58.1877574Z,VxeEf5JfcUiIv88yy3TSUWQAG5vw,September Newsletter,XrsNRcj-BUCai1Z8LF5rBWQAFG9L,Gw8d1qlHp0G2XXOqpsiKP2QAPmSt,Done,100,5,Medium,"{""b0dde2c9-92a4-4d86-a4fd-2a130944956f"":{""@odata.type"":""#microsoft.graph.plannerAssignment"",""assignedDateTime"":""2026-10-05T06:36:55.7962599Z"",""orderHint"":""\"""",""assignedBy"":{""user"":{""displayName"":null,""id"":""b0dde2c9-92a4-4d86-a4fd-2a130944956f""},""application"":{""displayName"":null,""id"":""75f31797-37c9-498e-8dc9-53c16a36afca""}}}}",2026-10-05T06:36:55.7963172Z,b0dde2c9-92a4-4d86-a4fd-2a130944956f,,2026-10-06T10:00:00Z,2026-10-06T01:13:01.4880412Z,b0dde2c9-92a4-4d86-a4fd-2a130944956f,"{""category5"":true}",False,,0,[],0,[],8584104247297198655P6,,Aisah Abdul Talib,Brandcom Project Management,Email-EDM,2026-10-05 00:00:00,"=(LEN(PlannerTasks[[#This Row],[ChecklistSummary]])-LEN(SUBSTITUTE(PlannerTasks[[#This Row],[ChecklistSummary]],""""""isChecked"""":true"","""")))/LEN(""""""isChecked"""":true"")","=PlannerTasks[[#This Row],[ChecklistItemCount]]-PlannerTasks[[#This Row],[ChecklistDone]]","=IF(OR(PlannerTasks[[#This Row],[DueDateTime]]="""",PlannerTasks[[#This Row],[PercentComplete]]=100),""No"",IF(DATEVALUE(LEFT(PlannerTasks[[#This Row],[DueDateTime]],10))<TODAY(),""Yes"",""No""))","=IF(PlannerTasks[[#This Row],[IsOverdue]]=""Yes"",TODAY()-DATEVALUE(LEFT(PlannerTasks[[#This Row],[DueDateTime]],10)),0)","=IF(OR(PlannerTasks[[#This Row],[DueDateTime]]="""",PlannerTasks[[#This Row],[PercentComplete]]=100),"""",DATEVALUE(LEFT(PlannerTasks[[#This Row],[DueDateTime]],10))-TODAY())"
2026-10-09T02:24:01.3979877Z,QF_jvYONe0GchSWWj5sQlWQAEBGG,Akhil Vinaik Announcement,XrsNRcj-BUCai1Z8LF5rBWQAFG9L,Gw8d1qlHp0G2XXOqpsiKP2QAPmSt,Done,100,5,Medium,"{""b0dde2c9-92a4-4d86-a4fd-2a130944956f"":{""@odata.type"":""#microsoft.graph.plannerAssignment"",""assignedDateTime"":""2026-10-02T03:00:19.380873Z"",""orderHint"":""\"""",""assignedBy"":{""user"":{""displayName"":null,""id"":""b0dde2c9-92a4-4d86-a4fd-2a130944956f""},""application"":{""displayName"":null,""id"":""75f31797-37c9-498e-8dc9-53c16a36afca""}}}}",2026-10-02T03:00:19.3809323Z,b0dde2c9-92a4-4d86-a4fd-2a130944956f,,2026-10-05T10:00:00Z,2026-10-05T05:59:03.576709Z,b0dde2c9-92a4-4d86-a4fd-2a130944956f,"{""category6"":true}",False,,0,[],0,[],8584106969262518186PD,,Aisah Abdul Talib,Brandcom Project Management,Email-APAnnouncement,2026-10-02 00:00:00,"=(LEN(PlannerTasks[[#This Row],[ChecklistSummary]])-LEN(SUBSTITUTE(PlannerTasks[[#This Row],[ChecklistSummary]],""""""isChecked"""":true"","""")))/LEN(""""""isChecked"""":true"")","=PlannerTasks[[#This Row],[ChecklistItemCount]]-PlannerTasks[[#This Row],[ChecklistDone]]","=IF(OR(PlannerTasks[[#This Row],[DueDateTime]]="""",PlannerTasks[[#This Row],[PercentComplete]]=100),""No"",IF(DATEVALUE(LEFT(PlannerTasks[[#This Row],[DueDateTime]],10))<TODAY(),""Yes"",""No""))","=IF(PlannerTasks[[#This Row],[IsOverdue]]=""Yes"",TODAY()-DATEVALUE(LEFT(PlannerTasks[[#This Row],[DueDateTime]],10)),0)","=IF(OR(PlannerTasks[[#This Row],[DueDateTime]]="""",PlannerTasks[[#This Row],[PercentComplete]]=100),"""",DATEVALUE(LEFT(PlannerTasks[[#This Row],[DueDateTime]],10))-TODAY())"
2026-10-09T02:24:03.7713801Z,OCBv-4qopE2_ufT6qTveiGQAAhhY,Priscilla Announcement 9 am,XrsNRcj-BUCai1Z8LF5rBWQAFG9L,Gw8d1qlHp0G2XXOqpsiKP2QAPmSt,Done,100,5,Medium,"{""b0dde2c9-92a4-4d86-a4fd-2a130944956f"":{""@odata.type"":""#microsoft.graph.plannerAssignment"",""assignedDateTime"":""2026-10-02T03:01:05.6893332Z"",""orderHint"":""\"""",""assignedBy"":{""user"":{""displayName"":null,""id"":""b0dde2c9-92a4-4d86-a4fd-2a130944956f""},""application"":{""displayName"":null,""id"":""75f31797-37c9-498e-8dc9-53c16a36afca""}}}}",2026-10-02T03:01:05.6893864Z,b0dde2c9-92a4-4d86-a4fd-2a130944956f,,2026-10-05T10:00:00Z,2026-10-05T01:09:02.0102256Z,b0dde2c9-92a4-4d86-a4fd-2a130944956f,"{""category6"":true}",False,,0,[],0,[],8584106968798242200P;,,Aisah Abdul Talib,Brandcom Project Management,Email-APAnnouncement,2026-10-02 00:00:00,"=(LEN(PlannerTasks[[#This Row],[ChecklistSummary]])-LEN(SUBSTITUTE(PlannerTasks[[#This Row],[ChecklistSummary]],""""""isChecked"""":true"","""")))/LEN(""""""isChecked"""":true"")","=PlannerTasks[[#This Row],[ChecklistItemCount]]-PlannerTasks[[#This Row],[ChecklistDone]]","=IF(OR(PlannerTasks[[#This Row],[DueDateTime]]="""",PlannerTasks[[#This Row],[PercentComplete]]=100),""No"",IF(DATEVALUE(LEFT(PlannerTasks[[#This Row],[DueDateTime]],10))<TODAY(),""Yes"",""No""))","=IF(PlannerTasks[[#This Row],[IsOverdue]]=""Yes"",TODAY()-DATEVALUE(LEFT(PlannerTasks[[#This Row],[DueDateTime]],10)),0)","=IF(OR(PlannerTasks[[#This Row],[DueDateTime]]="""",PlannerTasks[[#This Row],[PercentComplete]]=100),"""",DATEVALUE(LEFT(PlannerTasks[[#This Row],[DueDateTime]],10))-TODAY())"
2026-10-09T02:24:05.9591944Z,PU0u1ATdXU6DdTaKm_70U2QAMEp7,AP news 1st October,XrsNRcj-BUCai1Z8LF5rBWQAFG9L,Gw8d1qlHp0G2XXOqpsiKP2QAPmSt,Done,100,5,Medium,"{""b0dde2c9-92a4-4d86-a4fd-2a130944956f"":{""@odata.type"":""#microsoft.graph.plannerAssignment"",""assignedDateTime"":""2026-09-30T02:38:33.1840838Z"",""orderHint"":""\"""",""assignedBy"":{""user"":{""displayName"":null,""id"":""b0dde2c9-92a4-4d86-a4fd-2a130944956f""},""application"":{""displayName"":null,""id"":""75f31797-37c9-498e-8dc9-53c16a36afca""}}}}",2026-09-30T02:38:33.1841289Z,b0dde2c9-92a4-4d86-a4fd-2a130944956f,,,2026-10-02T02:59:59.1376826Z,b0dde2c9-92a4-4d86-a4fd-2a130944956f,"{""category7"":true}",True,"- [Preview email](https://info.steelcase.com/-temporary-slug-7f2f6fc8-7324-4f8b-9b3b-7f6d3d20ac6c?hs_preview=HvylZmCc-222160710183 ""https://info.steelcase.com/-temporary-slug-7f2f6fc8-7324-4f8b-9b3b-7f6d3d20ac6c?hs_preview=HvylZmCc-222160710183"")_x000D_
- [Ocular™ Coupe Tables Now Added to Our Proudly Made in India Range](https://www.steelcase.com/asia-en/village/news/ocular-coupe-tables-now-added-to-our-proudly-made-in-india-range/ ""https://www.steelcase.com/asia-en/village/news/ocular-coupe-tables-now-added-to-our-proudly-made-in-india-range/"")_x000D_
- [High Performance Seating Campaign Kit Now Live](https://www.steelcase.com/asia-en/village/news/high-performance-seating-campaign-kit-now-live/ ""https://www.steelcase.com/asia-en/village/news/high-performance-seating-campaign-kit-now-live/"")_x000D_
- [Migration® SE Collection, In Your Showroom](https://www.steelcase.com/asia-en/village/news/migration-se-collection-in-your-showroom/ ""https://www.steelcase.com/asia-en/village/news/migration-se-collection-in-your-showroom/"")_x000D_
- [APAC Dealer Conference 2026 | 13-15 October 2026](https://www.steelcase.com/asia-en/village/news/apac-dealer-conference-2026-13-15-october-2026/ ""https://www.steelcase.com/asia-en/village/news/apac-dealer-conference-2026-13-15-october-2026/"") (Received more context and photo last week) — edited using copilot_x000D_
- [A New Chapter for Steelcase Malaysia](https://www.steelcase.com/asia-en/village/news/a-new-chapter-for-steelcase-malaysia/ ""https://www.steelcase.com/asia-en/village/news/a-new-chapter-for-steelcase-malaysia/"") (Received more context and photo last week) — edited using copilot_x000D_
- [Discontinuation of CF Series Evolution Monitor Arms in Asia Pacific](https://www.steelcase.com/asia-en/village/news/discontinuation-of-cf-series-evolution-monitor-arms-in-asia-pacific/ ""https://www.steelcase.com/asia-en/village/news/discontinuation-of-cf-series-evolution-monitor-arms-in-asia-pacific/"")_x000D_
- [H2 pCon Basket + Tanya: Smarter Content, Faster Quoting](https://www.steelcase.com/asia-en/village/news/h2-pcon-basket-tanya-smarter-content-faster-quoting/ ""https://www.steelcase.com/asia-en/village/news/h2-pcon-basket-tanya-smarter-content-faster-quoting/"")",0,[],0,[],8584108710323359809P&,,Aisah Abdul Talib,Brandcom Project Management,Email-APAC News,2026-09-30 00:00:00,"=(LEN(PlannerTasks[[#This Row],[ChecklistSummary]])-LEN(SUBSTITUTE(PlannerTasks[[#This Row],[ChecklistSummary]],""""""isChecked"""":true"","""")))/LEN(""""""isChecked"""":true"")","=PlannerTasks[[#This Row],[ChecklistItemCount]]-PlannerTasks[[#This Row],[ChecklistDone]]","=IF(OR(PlannerTasks[[#This Row],[DueDateTime]]="""",PlannerTasks[[#This Row],[PercentComplete]]=100),""No"",IF(DATEVALUE(LEFT(PlannerTasks[[#This Row],[DueDateTime]],10))<TODAY(),""Yes"",""No""))","=IF(PlannerTasks[[#This Row],[IsOverdue]]=""Yes"",TODAY()-DATEVALUE(LEFT(PlannerTasks[[#This Row],[DueDateTime]],10)),0)","=IF(OR(PlannerTasks[[#This Row],[DueDateTime]]="""",PlannerTasks[[#This Row],[PercentComplete]]=100),"""",DATEVALUE(LEFT(PlannerTasks[[#This Row],[DueDateTime]],10))-TODAY())"
2026-10-09T02:24:08.7132679Z,0tgMR7oA_kes_VePN6yB7GQAO7d4,Trackable QR codes for Dealer Conference,XrsNRcj-BUCai1Z8LF5rBWQAFG9L,Gw8d1qlHp0G2XXOqpsiKP2QAPmSt,Done,100,5,Medium,"{""b0dde2c9-92a4-4d86-a4fd-2a130944956f"":{""@odata.type"":""#microsoft.graph.plannerAssignment"",""assignedDateTime"":""2026-10-01T12:08:17.6501119Z"",""orderHint"":""\"""",""assignedBy"":{""user"":{""displayName"":null,""id"":""b0dde2c9-92a4-4d86-a4fd-2a130944956f""},""application"":{""displayName"":null,""id"":""75f31797-37c9-498e-8dc9-53c16a36afca""}}}}",2026-10-01T12:08:07.8328959Z,b0dde2c9-92a4-4d86-a4fd-2a130944956f,2026-10-01T10:00:00Z,2026-10-02T10:00:00Z,2026-10-02T02:17:18.1189185Z,b0dde2c9-92a4-4d86-a4fd-2a130944956f,"{""category15"":true}",True,"Hi team,_x000D_
For our Empower station at Dealer Conference, we're showcasing the campaign kits we've created for dealers. We'd like to use QR codes to lead dealers to each kit, and we'd like them to be trackable so we can see scans and visits from the event._x000D_
Could you help prepare QR codes for the following?_x000D_
- Migration SE Collection campaign kit_x000D_
- Karman campaign kit_x000D_
- High Performance Seating campaign kit_x000D_
- Work Better Resources_x000D_
What we need:_x000D_
- A separate tracked link for each kit (e.g. dealer conference, medium: QR), so we can tell the kits apart and separate event traffic from our usual traffic_x000D_
- High-res files (PNG/ JPEG) that work in print and on a digital screen_x000D_
Thanks!",0,[],0,[],8584107504577091647PE,,Aisah Abdul Talib,Brandcom Project Management,Others,2026-10-01 00:00:00,"=(LEN(PlannerTasks[[#This Row],[ChecklistSummary]])-LEN(SUBSTITUTE(PlannerTasks[[#This Row],[ChecklistSummary]],""""""isChecked"""":true"","""")))/LEN(""""""isChecked"""":true"")","=PlannerTasks[[#This Row],[ChecklistItemCount]]-PlannerTasks[[#This Row],[ChecklistDone]]","=IF(OR(PlannerTasks[[#This Row],[DueDateTime]]="""",PlannerTasks[[#This Row],[PercentComplete]]=100),""No"",IF(DATEVALUE(LEFT(PlannerTasks[[#This Row],[DueDateTime]],10))<TODAY(),""Yes"",""No""))","=IF(PlannerTasks[[#This Row],[IsOverdue]]=""Yes"",TODAY()-DATEVALUE(LEFT(PlannerTasks[[#This Row],[DueDateTime]],10)),0)","=IF(OR(PlannerTasks[[#This Row],[DueDateTime]]="""",PlannerTasks[[#This Row],[PercentComplete]]=100),"""",DATEVALUE(LEFT(PlannerTasks[[#This Row],[DueDateTime]],10))-TODAY())"
2026-10-09T02:24:10.7804618Z,0w9XW1ps9kOMurnzSQ20ymQADJVF,Ocular AP Announcement 2 pm,XrsNRcj-BUCai1Z8LF5rBWQAFG9L,Gw8d1qlHp0G2XXOqpsiKP2QAPmSt,Done,100,5,Medium,"{""b0dde2c9-92a4-4d86-a4fd-2a130944956f"":{""@odata.type"":""#microsoft.graph.plannerAssignment"",""assignedDateTime"":""2026-10-01T02:26:15.6846971Z"",""orderHint"":""\"""",""assignedBy"":{""user"":{""displayName"":null,""id"":""b0dde2c9-92a4-4d86-a4fd-2a130944956f""},""application"":{""displayName"":null,""id"":""75f31797-37c9-498e-8dc9-53c16a36afca""}}}}",2026-10-01T02:26:15.6847581Z,b0dde2c9-92a4-4d86-a4fd-2a130944956f,,2026-10-01T10:00:00Z,2026-10-01T06:14:05.7178418Z,b0dde2c9-92a4-4d86-a4fd-2a130944956f,"{""category6"":true}",False,,0,[],0,[],8584107853700358409P#,,Aisah Abdul Talib,Brandcom Project Management,Email-APAnnouncement,2026-10-01 00:00:00,"=(LEN(PlannerTasks[[#This Row],[ChecklistSummary]])-LEN(SUBSTITUTE(PlannerTasks[[#This Row],[ChecklistSummary]],""""""isChecked"""":true"","""")))/LEN(""""""isChecked"""":true"")","=PlannerTasks[[#This Row],[ChecklistItemCount]]-PlannerTasks[[#This Row],[ChecklistDone]]","=IF(OR(PlannerTasks[[#This Row],[DueDateTime]]="""",PlannerTasks[[#This Row],[PercentComplete]]=100),""No"",IF(DATEVALUE(LEFT(PlannerTasks[[#This Row],[DueDateTime]],10))<TODAY(),""Yes"",""No""))","=IF(PlannerTasks[[#This Row],[IsOverdue]]=""Yes"",TODAY()-DATEVALUE(LEFT(PlannerTasks[[#This Row],[DueDateTime]],10)),0)","=IF(OR(PlannerTasks[[#This Row],[DueDateTime]]="""",PlannerTasks[[#This Row],[PercentComplete]]=100),"""",DATEVALUE(LEFT(PlannerTasks[[#This Row],[DueDateTime]],10))-TODAY())"
